Route ID,Route Name,Network ID,Route Length (miles),Sequence,Link ID,Link Length (miles),Distance Along Route (miles),Street Name,Speed Limit (mph),From Cross Street,To Cross Street,From Distance Marker (miles),To Distance Marker (miles),Feed ID,Source Reference,Source ID
7418,1 - D460 (SB),S221R2,12.110785767140788,1,1313222831,0.004898873718118313,0, (NE),25.0,,,,,hereA0116,DLR,1313222831
7418,1 - D460 (SB),S221R2,12.110785767140788,2,1313222832,0.018107191792019726,0.004898873718118313, (E),25.0,,W 770 S,,,hereA0116,DLR,1313222832
7418,1 - D460 (SB),S221R2,12.110785767140788,3,-866239133,0.12490211575229235,0.02300606551013804,S 800 W (S),30.0,W 770 S,,,,hereA0116,TMC,116-09574
7418,1 - D460 (SB),S221R2,12.110785767140788,4,-866239132,0.031051914102122158,0.14790818126243038,S 800 W (S),30.0,,W 1000 S,,,hereA0116,TMC,116-09574
7418,1 - D460 (SB),S221R2,12.110785767140788,5,-753937023,0.03864237859957806,0.17896009536455254,S 800 W (S),30.0,W 1000 S,,,,hereA0116,TMC,116-09574
7418,1 - D460 (SB),S221R2,12.110785767140788,6,-753937022,0.025536940991908272,0.2176024739641306,S 800 W (S),30.0,,W 1100 S,,,hereA0116,TMC,116-09574
7418,1 - D460 (SB),S221R2,12.110785767140788,7,-32061496,0.04347582357255078,0.24313941495603886,S 800 W (S),30.0,W 1100 S,W 1175 S,,,hereA0116,TMC,116-09574
7418,1 - D460 (SB),S221R2,12.110785767140788,8,-1192638332,0.02208135366900218,0.2866152385285896,S 800 W (S),30.0,W 1175 S,,,,hereA0116,TMC,116-09574
7418,1 - D460 (SB),S221R2,12.110785767140788,9,-1192638331,0.045545799695939346,0.30869659219759177,S 800 W (S),30.0,,W 1300 S,,,hereA0116,TMC,116-09574
7418,1 - D460 (SB),S221R2,12.110785767140788,10,-1315149472,0.038642361526250495,0.35424239189353113,S 800 W (S),30.0,W 1300 S,,,,hereA0116,TMC,116-09574
7418,1 - D460 (SB),S221R2,12.110785767140788,11,-1315149471,0.020011221453486796,0.39288475341978163,S 800 W (S),30.0,,W 1400 S,,,hereA0116,TMC,116-09574
7418,1 - D460 (SB),S221R2,12.110785767140788,12,-1313222277,0.039332397847075505,0.4128959748732684,S 800 W (S),30.0,W 1400 S,,,,hereA0116,TMC,116-09574
7418,1 - D460 (SB),S221R2,12.110785767140788,13,-1313222276,0.0476157783250193,0.4522283727203439,S 800 W (S),30.0,,W 1500 S,,,hereA0116,TMC,116-09574
7418,1 - D460 (SB),S221R2,12.110785767140788,14,-32124274,0.12008819817360765,0.49984415104536317,S 800 W (S),30.0,W 1500 S,W 1700 S,,,hereA0116,TMC,116-09573
7418,1 - D460 (SB),S221R2,12.110785767140788,15,-32091688,0.046925759119325124,0.6199323492189708,S 800 W (S),30.0,W 1700 S,BERKSHIRE RD,,,hereA0116,TMC,116-09573
7418,1 - D460 (SB),S221R2,12.110785767140788,16,-32091725,0.05520332895887761,0.666858108338296,S 800 W (S),30.0,BERKSHIRE RD,W 1900 S,,,hereA0116,TMC,116-09573
7418,1 - D460 (SB),S221R2,12.110785767140788,17,-1192803467,0.03519601622371114,0.7220614372971735,S 800 W (S),30.0,W 1900 S,,,,hereA0116,TMC,116-09573
7418,1 - D460 (SB),S221R2,12.110785767140788,18,-1192803466,0.011730705374145849,0.7572574535208847,S 800 W (S),30.0,,W 1935 S,,,hereA0116,TMC,116-09573
7418,1 - D460 (SB),S221R2,12.110785767140788,19,-1312947208,0.058653521664252424,0.7689881588950306,S 800 W (S),30.0,W 1935 S,,,,hereA0116,TMC,116-09573
7418,1 - D460 (SB),S221R2,12.110785767140788,20,-1312947207,0.0027601655116144797,0.827641680559283,S 800 W (S),30.0,,W 2000 S,,,hereA0116,TMC,116-09573
7418,1 - D460 (SB),S221R2,12.110785767140788,21,-1312921336,0.05934355385797545,0.8304018460708975,S 800 W (S),30.0,W 2000 S,,,,hereA0116,TMC,116-09573
7418,1 - D460 (SB),S221R2,12.110785767140788,22,-1312921335,0.01656099018953615,0.8897453999288729,S 800 W (S),30.0,,,,,hereA0116,TMC,116-09573
7418,1 - D460 (SB),S221R2,12.110785767140788,23,-1192803468,0.014490865848351568,0.9063063901184091,S 800 W (S),30.0,,W 2100 S,,,hereA0116,TMC,116-09573
7418,1 - D460 (SB),S221R2,12.110785767140788,24,-112285156,0.02760164777257303,0.9207972559667607,S 800 W (S),30.0,W 2100 S,W 2125 S,,,hereA0116,TMC,116-09573
7418,1 - D460 (SB),S221R2,12.110785767140788,25,-1164740103,0.10143603906395975,0.9483989037393337,S 800 W (S),30.0,W 2125 S,S 850 W,,,hereA0116,TMC,116-09573
7418,1 - D460 (SB),S221R2,12.110785767140788,26,-1312918767,0.008280491840957499,1.0498349428032934,S 800 W (S),30.0,S 850 W,,,,hereA0116,TMC,116-09573
7418,1 - D460 (SB),S221R2,12.110785767140788,27,-1312918766,0.019321146953836354,1.058115434644251,S 800 W (S),30.0,,W 2250 S,,,hereA0116,TMC,116-09573
7418,1 - D460 (SB),S221R2,12.110785767140788,28,-32092013,0.011040654979522984,1.0774365815980873,S 800 W (S),30.0,W 2250 S,,,,hereA0116,TMC,116-09573
7418,1 - D460 (SB),S221R2,12.110785767140788,29,-754377445,0.03795224915040143,1.0884772365776103,S 800 W (S),30.0,,,,,hereA0116,TMC,116-09573
7418,1 - D460 (SB),S221R2,12.110785767140788,30,-1312978555,0.02484147020485625,1.1264294857280117,S 800 W (S),30.0,,,,,hereA0116,TMC,116-09573
7418,1 - D460 (SB),S221R2,12.110785767140788,31,-1312978554,0.009660571326326788,1.151270955932868,S 800 W (S),30.0,,,,,hereA0116,TMC,116-09573
7418,1 - D460 (SB),S221R2,12.110785767140788,32,-1241942092,0.026911590311700345,1.1609315272591947,S 800 W (S),30.0,,,,,hereA0116,TMC,116-09573
7418,1 - D460 (SB),S221R2,12.110785767140788,33,-1242006307,0.014500321514821592,1.187843117570895,S 800 W (S),30.0,,,,,hereA0116,TMC,116-09573
7418,1 - D460 (SB),S221R2,12.110785767140788,34,-1242006309,0.030361790897512512,1.2023434390857166,S 800 W (S),30.0,,,,,hereA0116,TMC,116-09573
7418,1 - D460 (SB),S221R2,12.110785767140788,35,-1242006308,0.006900406697644555,1.232705229983229,S 800 W (S),30.0,,,,,hereA0116,TMC,116-09573
7418,1 - D460 (SB),S221R2,12.110785767140788,36,-1312979434,0.02554096994983978,1.2396056366808736,S 800 W (S),30.0,,,,,hereA0116,TMC,116-09573
7418,1 - D460 (SB),S221R2,12.110785767140788,37,-1312979433,0.011053071297786477,1.2651466066307133,S 800 W (S),30.0,,,,,hereA0116,TMC,116-09573
7418,1 - D460 (SB),S221R2,12.110785767140788,38,-1312922572,0.010009373736781716,1.2761996779284999,S 800 W (S),30.0,,,,,hereA0116,TMC,116-09573
7418,1 - D460 (SB),S221R2,12.110785767140788,39,-1312922571,0.025223719066571424,1.2862090516652815,S 800 W (SW),30.0,,,,,hereA0116,TMC,116-09573
7418,1 - D460 (SB),S221R2,12.110785767140788,40,-1122036027,0.025944319600760286,1.311432770731853,S 800 W (SW),30.0,,,,,hereA0116,TMC,116-09573
7418,1 - D460 (SB),S221R2,12.110785767140788,41,-1217729379,0.019887997157880484,1.3373770903326132,S 800 W (SW),30.0,,,,,hereA0116,TMC,116-09573
7418,1 - D460 (SB),S221R2,12.110785767140788,42,-1217729378,0.014697798237840613,1.3572650874904937,S 800 W (SW),30.0,,,,,hereA0116,TMC,116-09573
7418,1 - D460 (SB),S221R2,12.110785767140788,43,-721135281,0.011166907020401923,1.3719628857283344,S 800 W (S),30.0,,,,,hereA0116,TMC,116-09573
7418,1 - D460 (SB),S221R2,12.110785767140788,44,-32092149,0.022940141025924444,1.3831297927487363,S 800 W (S),30.0,,,,,hereA0116,TMC,116-09573
7418,1 - D460 (SB),S221R2,12.110785767140788,45,-1310661687,0.01558009213097836,1.4060699337746607,E 1100 N (W),35.0,,,,,hereA0116,TMC,116-09534
7418,1 - D460 (SB),S221R2,12.110785767140788,46,-1310661686,0.012361400782675868,1.421650025905639,E 1100 N (W),35.0,,,,,hereA0116,TMC,116-09534
7418,1 - D460 (SB),S221R2,12.110785767140788,47,-754377442,0.00841048305422874,1.4340114266883148,E 1100 N (W),35.0,,,,,hereA0116,TMC,116-16973
7418,1 - D460 (SB),S221R2,12.110785767140788,48,-1312948360,0.013169588947183628,1.4424219097425435,E 1100 N (W),35.0,,,,,hereA0116,TMC,116-16973
7418,1 - D460 (SB),S221R2,12.110785767140788,49,-1312948359,0.019955343757803577,1.4555914986897271,E 1100 N (W),35.0,,OVERLAND RD,,,hereA0116,TMC,116-16973
7418,1 - D460 (SB),S221R2,12.110785767140788,50,-1315612875,0.013620967185183921,1.4755468424475306,E 1100 N (W),35.0,OVERLAND RD,,,,hereA0116,TMC,116-16973
7418,1 - D460 (SB),S221R2,12.110785767140788,51,-1315612874,0.00785825029949009,1.4891678096327146,E 1100 N (W),35.0,,N 260 E,,,hereA0116,TMC,116-16973
7418,1 - D460 (SB),S221R2,12.110785767140788,52,-124047494,0.030978369847987505,1.4970260599322047,E 1100 N (W),35.0,N 260 E,N 240 E,,,hereA0116,TMC,116-16973
7418,1 - D460 (SB),S221R2,12.110785767140788,53,-1315976253,0.020443110725281433,1.5280044297801922,E 1100 N (W),35.0,N 240 E,,,,hereA0116,TMC,116-16973
7418,1 - D460 (SB),S221R2,12.110785767140788,54,-1315976252,0.009953789700030392,1.5484475405054736,E 1100 N (W),35.0,,N 220 E,,,hereA0116,TMC,116-16973
7418,1 - D460 (SB),S221R2,12.110785767140788,55,-1217165420,0.017812044727812327,1.558401330205504,E 1100 N (W),35.0,N 220 E,,,,hereA0116,TMC,116-16973
7418,1 - D460 (SB),S221R2,12.110785767140788,56,-1217165419,0.02252699774313556,1.5762133749333163,E 1100 N (W),35.0,,,,,hereA0116,TMC,116-16973
7418,1 - D460 (SB),S221R2,12.110785767140788,57,-1315497331,0.030909136438765295,1.5987403726764517,E 1100 N (W),35.0,,,,,hereA0116,TMC,116-16973
7418,1 - D460 (SB),S221R2,12.110785767140788,58,-1315612871,0.015192626385467669,1.629649509115217,E 1100 N (W),35.0,,,,,hereA0116,TMC,116-16973
7418,1 - D460 (SB),S221R2,12.110785767140788,59,-1315612870,0.024622532416858904,1.6448421355006846,E 1100 N (W),35.0,,,,,hereA0116,TMC,116-16973
7418,1 - D460 (SB),S221R2,12.110785767140788,60,101940745,0.03248811398066024,1.6694646679175436,E 1100 N (W),35.0,,S 1000 W,,,hereA0116,TMC,116-16973
7418,1 - D460 (SB),S221R2,12.110785767140788,61,-1315612935,0.02776583025180757,1.7019527818982039,E 1100 N (W),35.0,S 1000 W,,,,hereA0116,TMC,116-16973
7418,1 - D460 (SB),S221R2,12.110785767140788,62,-1315612934,0.018859809227770634,1.7297186121500114,E 1100 N (W),35.0,,,,,hereA0116,TMC,116-16973
7418,1 - D460 (SB),S221R2,12.110785767140788,63,-753937024,0.025146412304176836,1.748578421377782,E 1100 N (W),35.0,,,,,hereA0116,TMC,116-16973
7418,1 - D460 (SB),S221R2,12.110785767140788,64,-1102445046,0.006286603075679288,1.7737248336819589,E 1100 N (W),35.0,,,,,hereA0116,TMC,116-16973
7418,1 - D460 (SB),S221R2,12.110785767140788,65,-1102445045,0.029861364610357245,1.780011436757638,E 1100 N (W),35.0,,,,,hereA0116,TMC,116-16973
7418,1 - D460 (SB),S221R2,12.110785767140788,66,-1312918368,0.016240391279389373,1.8098728013679952,E 1100 N (W),35.0,,,,,hereA0116,TMC,116-16973
7418,1 - D460 (SB),S221R2,12.110785767140788,67,-1312918367,0.004714952306945747,1.8261131926473846,E 1100 N (W),35.0,,,,,hereA0116,TMC,116-16973
7418,1 - D460 (SB),S221R2,12.110785767140788,68,-1312918305,0.004191068717864189,1.8308281449543304,E 1100 N (W),35.0,,,,,hereA0116,TMC,116-16973
7418,1 - D460 (SB),S221R2,12.110785767140788,69,-1192239126,0.007334370254586723,1.8350192136721946,E 1100 N (W),35.0,,,,,hereA0116,TMC,116-16973
7418,1 - D460 (SB),S221R2,12.110785767140788,70,-1192239125,0.024622528714352655,1.8423535839267813,E 1100 N (W),35.0,,N MAIN ST,,,hereA0116,TMC,116-16973
7418,1 - D460 (SB),S221R2,12.110785767140788,71,-1192301682,0.02149031003018213,1.866976112641134,W 1100 N (W),35.0,N MAIN ST,,,,hereA0116,TMC,116-09533
7418,1 - D460 (SB),S221R2,12.110785767140788,72,-1192301681,0.016764277390576836,1.8884664226713161,W 1100 N (W),35.0,,,,,hereA0116,TMC,116-09533
7418,1 - D460 (SB),S221R2,12.110785767140788,73,-1192229749,0.04244019043292982,1.9052307000618929,W 1100 N (W),35.0,,,,,hereA0116,TMC,116-09533
7418,1 - D460 (SB),S221R2,12.110785767140788,74,-1315638691,0.027765838603819027,1.9476708904948228,W 1100 N (W),35.0,,,,,hereA0116,TMC,116-09533
7418,1 - D460 (SB),S221R2,12.110785767140788,75,-1315638690,0.020955349889730537,1.9754367290986419,W 1100 N (W),35.0,,,,,hereA0116,TMC,116-09533
7418,1 - D460 (SB),S221R2,12.110785767140788,76,-1312922223,0.00890602370301149,1.9963920789883725,W 1100 N (W),35.0,,,,,hereA0116,TMC,116-09533
7418,1 - D460 (SB),S221R2,12.110785767140788,77,-1312922262,0.013097093680809288,2.005298102691384,W 1100 N (W),35.0,,,,,hereA0116,TMC,116-09533
7418,1 - D460 (SB),S221R2,12.110785767140788,78,-1312922261,0.013097093681553774,2.0183951963721936,W 1100 N (W),35.0,,,,,hereA0116,TMC,116-09533
7418,1 - D460 (SB),S221R2,12.110785767140788,79,-1315638688,0.01414486117563059,2.0314922900537473,W 1100 N (W),35.0,,,,,hereA0116,TMC,116-09533
7418,1 - D460 (SB),S221R2,12.110785767140788,80,-1315638696,0.005238837472622992,2.045637151229378,W 1100 N (W),35.0,,,,,hereA0116,TMC,116-09533
7418,1 - D460 (SB),S221R2,12.110785767140788,81,-1315638695,0.011001558691910667,2.050875988702001,W 1100 N (W),35.0,,,,,hereA0116,TMC,116-09533
7418,1 - D460 (SB),S221R2,12.110785767140788,82,-1312922328,0.03614797855936994,2.061877547393912,W 1100 N (W),35.0,,S 1250 W,,,hereA0116,TMC,116-09533
7418,1 - D460 (SB),S221R2,12.110785767140788,83,-1217121959,0.028813606098636535,2.098025525953282,W 1100 N (W),35.0,S 1250 W,W 2600 S,,,hereA0116,TMC,116-09533
7418,1 - D460 (SB),S221R2,12.110785767140788,84,-1315638683,0.00576272122003412,2.1268391320519187,W 2600 S (W),35.0,W 1100 N,W 1100 N,,,hereA0116,TMC,116-09533
7418,1 - D460 (SB),S221R2,12.110785767140788,85,-1315638682,0.00942990745042245,2.132601853271953,W 1100 N (W),35.0,W 2600 S,,,,hereA0116,TMC,116-09533
7418,1 - D460 (SB),S221R2,12.110785767140788,86,-1315405451,0.012573209933398572,2.142031760722375,W 1100 N (W),35.0,,,,,hereA0116,TMC,116-09533
7418,1 - D460 (SB),S221R2,12.110785767140788,87,-1315638686,0.004714953725211844,2.1546049706557735,W 1100 N (W),35.0,,,,,hereA0116,TMC,116-09533
7418,1 - D460 (SB),S221R2,12.110785767140788,88,-1315638685,0.0874885857888132,2.1593199243809855,W 1100 N (W),35.0,,,,,hereA0116,TMC,116-09533
7418,1 - D460 (SB),S221R2,12.110785767140788,89,-1315404584,0.030385257340117617,2.2468085101697985,W 1100 N (W),35.0,,,,,hereA0116,TMC,116-09533
7418,1 - D460 (SB),S221R2,12.110785767140788,90,-1217121983,0.016764279911938528,2.277193767509916,W 1100 N (W),35.0,,,,,hereA0116,TMC,116-09533
7418,1 - D460 (SB),S221R2,12.110785767140788,91,-1217121982,0.029337489845300657,2.293958047421855,W 1100 N (W),35.0,,N 400 W,,,hereA0116,TMC,116-09533
7418,1 - D460 (SB),S221R2,12.110785767140788,92,-1217121971,0.034576327318636815,2.3232955372671555,W 1100 N (W),35.0,N 400 W,,,,hereA0116,TMC,116-09533
7418,1 - D460 (SB),S221R2,12.110785767140788,93,-1217121970,0.01624039616452815,2.3578718645857926,W 1100 N (W),35.0,,,,,hereA0116,TMC,116-09533
7418,1 - D460 (SB),S221R2,12.110785767140788,94,-1217121938,0.051340607229655506,2.3741122607503207,W 1100 N (W),35.0,,N 1500 W,,,hereA0116,TMC,116-09533
7418,1 - D460 (SB),S221R2,12.110785767140788,95,-1315638713,0.012049326186732295,2.4254528679799763,W 1100 N (W),35.0,N 1500 W,,,,hereA0116,TMC,116-09533
7418,1 - D460 (SB),S221R2,12.110785767140788,96,1315638714,0.022537565515493994,2.4375021941667088,W 1100 N (W),35.0,,,,,hereA0116,TMC,116-09533
7418,1 - D460 (SB),S221R2,12.110785767140788,97,-1217198332,0.012573208043121783,2.4600397596822026,W 1100 N (W),35.0,,W 2600 S,,,hereA0116,TMC,116-09533
7418,1 - D460 (SB),S221R2,12.110785767140788,98,-1315638712,0.015192626384723186,2.472612967725324,W 2600 S (W),35.0,W 1100 N,,,,hereA0116,TMC,116-09533
7418,1 - D460 (SB),S221R2,12.110785767140788,99,-1315638711,0.009953789700774878,2.487805594110047,W 2600 S (W),35.0,,S 1560 W,,,hereA0116,TMC,116-09533
7418,1 - D460 (SB),S221R2,12.110785767140788,100,-1315638725,0.008382138694919647,2.497759383810822,W 1100 N (W),35.0,S 1560 W,,,,hereA0116,TMC,116-09533
7418,1 - D460 (SB),S221R2,12.110785767140788,101,-1315638724,0.015192626385467669,2.5061415225057417,W 1100 N (W),35.0,,,,,hereA0116,TMC,116-09533
7418,1 - D460 (SB),S221R2,12.110785767140788,102,-1217150080,0.01885981206430311,2.5213341488912095,W 1100 N (W),35.0,,,,,hereA0116,TMC,116-09533
7418,1 - D460 (SB),S221R2,12.110785767140788,103,-1315638723,0.01781204472706784,2.540193960955513,W 1100 N (W),35.0,,,,,hereA0116,TMC,116-09533
7418,1 - D460 (SB),S221R2,12.110785767140788,104,-1315638736,0.03248078744386754,2.558006005682581,W 1100 N (W),35.0,,,,,hereA0116,TMC,116-09533
7418,1 - D460 (SB),S221R2,12.110785767140788,105,-1315638735,0.05815108719841866,2.5904867931264484,W 1100 N (W),35.0,,,,,hereA0116,TMC,116-09533
7418,1 - D460 (SB),S221R2,12.110785767140788,106,-1315638734,0.02200311407451842,2.648637880324867,W 1100 N (W),35.0,,,,,hereA0116,TMC,116-09533
7418,1 - D460 (SB),S221R2,12.110785767140788,107,-1217149970,0.07649013393912275,2.6706409943993856,W 1100 N (W),35.0,,,,,hereA0116,TMC,116-09533
7418,1 - D460 (SB),S221R2,12.110785767140788,108,-1217149969,0.015192628669707225,2.7471311283385083,W 1100 N (W),35.0,,,,,hereA0116,TMC,116-09533
7418,1 - D460 (SB),S221R2,12.110785767140788,109,-1217150089,0.017288163659348852,2.7623237570082155,W 1100 N (W),35.0,,,,,hereA0116,TMC,116-09533
7418,1 - D460 (SB),S221R2,12.110785767140788,110,-1217150088,0.016240396164533346,2.7796119206675645,W 1100 N (W),35.0,,W 2600 S,,,hereA0116,TMC,116-09533
7418,1 - D460 (SB),S221R2,12.110785767140788,111,-721137130,0.014668744923045443,2.795852316832098,W 2600 S (W),35.0,W 1100 N,N REDWOOD RD,,,hereA0116,TMC,116-09533
7418,1 - D460 (SB),S221R2,12.110785767140788,112,-1217149937,0.05451570322974679,2.8105210617551433,N REDWOOD RD (S),50.0,W 1100 N,,,,hereA0116,TMC,116-09077
7418,1 - D460 (SB),S221R2,12.110785767140788,113,-1217150098,0.026221529808415512,2.86503676498489,N REDWOOD RD (S),50.0,,,,,hereA0116,TMC,116-09077
7418,1 - D460 (SB),S221R2,12.110785767140788,114,-1312922644,0.030361769192038767,2.8912582947933054,N REDWOOD RD (S),50.0,,,,,hereA0116,TMC,116-09077
7418,1 - D460 (SB),S221R2,12.110785767140788,115,-1312922643,0.06003349133721006,2.921620063985344,N REDWOOD RD (S),50.0,,,,,hereA0116,TMC,116-09077
7418,1 - D460 (SB),S221R2,12.110785767140788,116,-1217310154,0.041405717141746436,2.9816535553225543,N REDWOOD RD (S),50.0,,,,,hereA0116,TMC,116-09077
7418,1 - D460 (SB),S221R2,12.110785767140788,117,-1312918135,0.024841439441510307,3.023059272464301,N REDWOOD RD (S),50.0,,,,,hereA0116,TMC,116-09077
7418,1 - D460 (SB),S221R2,12.110785767140788,118,-1312918134,0.010350599307869527,3.047900711905811,N REDWOOD RD (S),50.0,,,,,hereA0116,TMC,116-09077
7418,1 - D460 (SB),S221R2,12.110785767140788,119,-1312918242,0.026221517039267988,3.0582513112136804,N REDWOOD RD (S),50.0,,,,,hereA0116,TMC,116-09077
7418,1 - D460 (SB),S221R2,12.110785767140788,120,-1312918241,0.006900398932888179,3.0844728282529483,N REDWOOD RD (S),50.0,,W 900 N,,,hereA0116,TMC,116-09077
7418,1 - D460 (SB),S221R2,12.110785767140788,121,-1217310020,0.03588589720234364,3.0913732271858363,N REDWOOD RD (S),50.0,W 900 N,,,,hereA0116,TMC,116-09077
7418,1 - D460 (SB),S221R2,12.110785767140788,122,-1217310263,0.01863843991947194,3.1272591243881798,N REDWOOD RD (S),50.0,,,,,hereA0116,TMC,116-09077
7418,1 - D460 (SB),S221R2,12.110785767140788,123,-1217310262,0.019328215922801487,3.145897564307652,N REDWOOD RD (S),50.0,,,,,hereA0116,TMC,116-09077
7418,1 - D460 (SB),S221R2,12.110785767140788,124,-1312920794,0.01932821504253151,3.1652257802304535,N REDWOOD RD (S),50.0,,,,,hereA0116,TMC,116-09077
7418,1 - D460 (SB),S221R2,12.110785767140788,125,-1312920793,0.011053059790531108,3.184553995272985,N REDWOOD RD (S),50.0,,,,,hereA0116,TMC,116-09077
7418,1 - D460 (SB),S221R2,12.110785767140788,126,-1217310318,0.09319284925100256,3.1956070550635163,N REDWOOD RD (S),50.0,,,,,hereA0116,TMC,116-09077
7418,1 - D460 (SB),S221R2,12.110785767140788,127,-1312948309,0.0027601581666034875,3.288799904314519,N REDWOOD RD (S),50.0,,,,,hereA0116,TMC,116-09077
7418,1 - D460 (SB),S221R2,12.110785767140788,128,-1312948308,0.07663916869914554,3.2915600624811225,N REDWOOD RD (S),50.0,,,,,hereA0116,TMC,116-09077
7418,1 - D460 (SB),S221R2,12.110785767140788,129,-1217338200,0.042795272404200495,3.368199231180268,N REDWOOD RD (S),50.0,,W FOXBORO DR,,,hereA0116,TMC,116-09077
7418,1 - D460 (SB),S221R2,12.110785767140788,130,-1217519338,0.032436079366186595,3.4109945035844684,N REDWOOD RD (S),50.0,W FOXBORO DR,,,,hereA0116,TMC,116-09077
7418,1 - D460 (SB),S221R2,12.110785767140788,131,-1217519337,0.025531452360611558,3.443430582950655,N REDWOOD RD (S),50.0,,,,,hereA0116,TMC,116-09077
7418,1 - D460 (SB),S221R2,12.110785767140788,132,-1312919347,0.00828047068297032,3.4689620353112667,N REDWOOD RD (S),50.0,,,,,hereA0116,TMC,116-09077
7418,1 - D460 (SB),S221R2,12.110785767140788,133,-1312920578,0.03657582994691864,3.477242505994237,N REDWOOD RD (S),50.0,,,,,hereA0116,TMC,116-09077
7418,1 - D460 (SB),S221R2,12.110785767140788,134,-1312920577,0.14008927055306133,3.513818335941156,N REDWOOD RD (S),50.0,,,,,hereA0116,TMC,116-09077
7418,1 - D460 (SB),S221R2,12.110785767140788,135,-1217520766,0.01311073905784316,3.6539076064942173,N REDWOOD RD (S),50.0,,,,,hereA0116,TMC,116-09077
7418,1 - D460 (SB),S221R2,12.110785767140788,136,-1217520765,0.03864217575415996,3.6670183455520604,N REDWOOD RD (S),50.0,,CAMBRIDGE DR,,,hereA0116,TMC,116-09077
7418,1 - D460 (SB),S221R2,12.110785767140788,137,-1217382101,0.057991937091718834,3.7056605213062204,N REDWOOD RD (S),50.0,CAMBRIDGE DR,,,,hereA0116,TMC,116-09077
7418,1 - D460 (SB),S221R2,12.110785767140788,138,-1217382118,0.029057317715978272,3.763652458397939,N REDWOOD RD (S),50.0,,,,,hereA0116,TMC,116-09077
7418,1 - D460 (SB),S221R2,12.110785767140788,139,-1217382117,0.04373176530151257,3.7927097761139175,N REDWOOD RD (S),50.0,,,,,hereA0116,TMC,116-09077
7418,1 - D460 (SB),S221R2,12.110785767140788,140,-1312949825,0.006979515323610101,3.83644154141543,N REDWOOD RD (S),50.0,,,,,hereA0116,TMC,116-09077
7418,1 - D460 (SB),S221R2,12.110785767140788,141,-1312949824,0.0077514994940724,3.8434210567390403,N REDWOOD RD (S),50.0,,,,,hereA0116,TMC,116-09077
7418,1 - D460 (SB),S221R2,12.110785767140788,142,-1217310988,0.030130802873647826,3.851172556233113,N REDWOOD RD (S),50.0,,W 200 N,,,hereA0116,TMC,116-09077
7418,1 - D460 (SB),S221R2,12.110785767140788,143,-1217382415,0.015324863651257643,3.8813033591067607,N REDWOOD RD (S),50.0,W 200 N,,,,hereA0116,TMC,116-09077
7418,1 - D460 (SB),S221R2,12.110785767140788,144,-1315172682,0.07369947225327747,3.8966282227580185,N REDWOOD RD (S),50.0,,,,,hereA0116,TMC,116-09077
7418,1 - D460 (SB),S221R2,12.110785767140788,145,-1315172681,0.010009535589324381,3.970327695011296,N REDWOOD RD (S),50.0,,,,,hereA0116,TMC,116-09077
7418,1 - D460 (SB),S221R2,12.110785767140788,146,-1217310999,0.03031991662043538,3.98033723060062,N REDWOOD RD (S),50.0,,,,,hereA0116,TMC,116-09077
7418,1 - D460 (SB),S221R2,12.110785767140788,147,-1267838389,0.026058910453960724,4.010657147221055,N REDWOOD RD (S),50.0,,,,,hereA0116,TMC,116-09077
7418,1 - D460 (SB),S221R2,12.110785767140788,148,-1267838391,0.028517166782366696,4.036716057675016,N REDWOOD RD (S),50.0,,,,,hereA0116,TMC,116-09077
7418,1 - D460 (SB),S221R2,12.110785767140788,149,-1267838390,0.0321196774100998,4.0652332244573826,N REDWOOD RD (S),50.0,,,,,hereA0116,TMC,116-09077
7418,1 - D460 (SB),S221R2,12.110785767140788,150,-1217310203,0.02233466076808358,4.097352901867483,N REDWOOD RD (S),50.0,,,,,hereA0116,TMC,116-09077
7418,1 - D460 (SB),S221R2,12.110785767140788,151,-1217310202,0.01643245078439147,4.1196875626355665,N REDWOOD RD (S),50.0,,,,,hereA0116,TMC,116-09077
7418,1 - D460 (SB),S221R2,12.110785767140788,152,-1217310201,0.04970576392250252,4.136120013419958,N REDWOOD RD (SW),50.0,,S REDWOOD RD,,,hereA0116,TMC,116-09077
7418,1 - D460 (SB),S221R2,12.110785767140788,153,1267838387,0.047687536139982174,4.18582577734246,W CENTER ST (E),40.0,S REDWOOD RD,,,,hereA0116,TMC,116+09524
7418,1 - D460 (SB),S221R2,12.110785767140788,154,1267838388,0.06445677961720475,4.233513313482442,W CENTER ST (E),40.0,,,,,hereA0116,TMC,116+09524
7418,1 - D460 (SB),S221R2,12.110785767140788,155,1315155594,0.01991347663021788,4.2979700930996465,W CENTER ST (E),35.0,,,,,hereA0116,TMC,116+09524
7418,1 - D460 (SB),S221R2,12.110785767140788,156,1315155595,0.018341360053679864,4.317883569729864,W CENTER ST (E),35.0,,,,,hereA0116,TMC,116+09524
7418,1 - D460 (SB),S221R2,12.110785767140788,157,-1315155591,0.04297672965183198,4.336224929783544,W CENTER ST (E),35.0,,,,,hereA0116,TMC,116+09524
7418,1 - D460 (SB),S221R2,12.110785767140788,158,1315155599,0.03668272562129909,4.379201659435376,W CENTER ST (E),35.0,,,,,hereA0116,TMC,116+09524
7418,1 - D460 (SB),S221R2,12.110785767140788,159,1315157448,0.016769245998236787,4.415884385056675,W CENTER ST (E),35.0,,,,,hereA0116,TMC,116+09524
7418,1 - D460 (SB),S221R2,12.110785767140788,160,1315157451,0.02515386899696548,4.432653631054912,W CENTER ST (E),35.0,,,,,hereA0116,TMC,116+09524
7418,1 - D460 (SB),S221R2,12.110785767140788,161,-1315157450,0.037213165538607366,4.457807500051877,W CENTER ST (E),35.0,,,,,hereA0116,TMC,116+09524
7418,1 - D460 (SB),S221R2,12.110785767140788,162,1217116671,0.08803855472137212,4.495020665590484,W CENTER ST (E),35.0,,N 500 W,,,hereA0116,TMC,116+09524
7418,1 - D460 (SB),S221R2,12.110785767140788,163,1316572803,0.040875043263246306,4.583059220311856,W CENTER ST (E),35.0,N 500 W,,,,hereA0116,TMC,116+09524
7418,1 - D460 (SB),S221R2,12.110785767140788,164,1316572804,0.046115433426133556,4.623934263575102,W CENTER ST (E),35.0,,,,,hereA0116,TMC,116+09524
7418,1 - D460 (SB),S221R2,12.110785767140788,165,1312918791,0.04925966752281627,4.670049697001236,W CENTER ST (E),35.0,,N 400 W,,,hereA0116,TMC,116+09524
7418,1 - D460 (SB),S221R2,12.110785767140788,166,1312922910,0.03563465310109052,4.719309364524052,W CENTER ST (E),40.0,N 400 W,,,,hereA0116,TMC,116+09524
7418,1 - D460 (SB),S221R2,12.110785767140788,167,1312922911,0.023057716713511263,4.754944017625142,W CENTER ST (E),40.0,,,,,hereA0116,TMC,116+09524
7418,1 - D460 (SB),S221R2,12.110785767140788,168,-1192234635,0.04192880293787887,4.778001734338654,W CENTER ST (E),40.0,,,,,hereA0116,TMC,116+09524
7418,1 - D460 (SB),S221R2,12.110785767140788,169,1192234634,0.03720677574221132,4.819930537276533,W CENTER ST (E),25.0,,,,,hereA0116,TMC,116+09524
7418,1 - D460 (SB),S221R2,12.110785767140788,170,1312917960,0.009956742804488612,4.857137313018744,W CENTER ST (E),25.0,,,,,hereA0116,TMC,116+09524
7418,1 - D460 (SB),S221R2,12.110785767140788,171,1312917961,0.014149055563290611,4.867094055823233,W CENTER ST (E),25.0,,,,,hereA0116,TMC,116+09524
7418,1 - D460 (SB),S221R2,12.110785767140788,172,1192234637,0.011004820994747864,4.881243111386524,W CENTER ST (E),25.0,,,,,hereA0116,TMC,116+09524
7418,1 - D460 (SB),S221R2,12.110785767140788,173,1312917969,0.005764430044195144,4.892247932381271,W CENTER ST (E),25.0,,,,,hereA0116,TMC,116+09524
7418,1 - D460 (SB),S221R2,12.110785767140788,174,-1312920113,0.02202045789111221,4.898012362425466,W CENTER ST (E),25.0,,,,,hereA0116,TMC,116+09524
7418,1 - D460 (SB),S221R2,12.110785767140788,175,1312920112,0.008384626779274094,4.920032820316578,W CENTER ST (E),25.0,,,,,hereA0116,TMC,116+09524
7418,1 - D460 (SB),S221R2,12.110785767140788,176,-1217116682,0.01416587505492641,4.928417447095852,W CENTER ST (E),40.0,,,,,hereA0116,TMC,116+09524
7418,1 - D460 (SB),S221R2,12.110785767140788,177,-1217116681,0.014689316563655956,4.942583322150779,W CENTER ST (E),40.0,,,,,hereA0116,TMC,116+09524
7418,1 - D460 (SB),S221R2,12.110785767140788,178,1192234437,0.04087506783739331,4.957272638714435,W CENTER ST (E),40.0,,,,,hereA0116,TMC,116+09524
7418,1 - D460 (SB),S221R2,12.110785767140788,179,1192234438,0.008908668631034965,4.998147706551828,W CENTER ST (E),40.0,,EXIT: 314,,,hereA0116,TMC,116+09524
7418,1 - D460 (SB),S221R2,12.110785767140788,180,124012826,0.04402820576965675,5.007056375182863,W CENTER ST (E),25.0,EXIT: 314,,,,hereA0116,TMC,116+09525
7418,1 - D460 (SB),S221R2,12.110785767140788,181,771615946,0.02253368785730159,5.051084580952519,W CENTER ST (E),25.0,,THE POINTE AT NORTHRIDGE APARTMENTS,,,hereA0116,TMC,116+09525
7418,1 - D460 (SB),S221R2,12.110785767140788,182,1217147674,0.01624521682698372,5.073618268809821,W CENTER ST (E),25.0,THE POINTE AT NORTHRIDGE APARTMENTS,,,,hereA0116,TMC,116+09525
7418,1 - D460 (SB),S221R2,12.110785767140788,183,-1217147673,0.04454909040328161,5.089863485636805,W CENTER ST (E),25.0,,,,,hereA0116,TMC,116+09525
7418,1 - D460 (SB),S221R2,12.110785767140788,184,1192199973,0.024105809236763,5.134412576040086,W CENTER ST (E),25.0,,,,,hereA0116,TMC,116+09525
7418,1 - D460 (SB),S221R2,12.110785767140788,185,1217147657,0.008384629300367244,5.1585183852768495,W CENTER ST (E),25.0,,,,,hereA0116,TMC,116+09525
7418,1 - D460 (SB),S221R2,12.110785767140788,186,-1217147656,0.03302356445874201,5.166903014577216,W CENTER ST (E),25.0,,,,,hereA0116,TMC,116+09525
7418,1 - D460 (SB),S221R2,12.110785767140788,187,1217147655,0.028822167549815564,5.199926579035958,W CENTER ST (E),25.0,,S MAIN ST,,,hereA0116,TMC,116+09525
7418,1 - D460 (SB),S221R2,12.110785767140788,188,-1315164184,0.040880901121289885,5.228748746585774,E CENTER ST (E),25.0,S MAIN ST,,,,hereA0116,TMC,116+09525
7418,1 - D460 (SB),S221R2,12.110785767140788,189,1315164183,0.01781734261779987,5.269629647707064,E CENTER ST (E),25.0,,,,,hereA0116,TMC,116+09525
7418,1 - D460 (SB),S221R2,12.110785767140788,190,-1217147676,0.025687206831694346,5.287446990324864,E CENTER ST (E),25.0,,US-89,,,hereA0116,TMC,116+09525
7418,1 - D460 (SB),S221R2,12.110785767140788,191,-1217339198,0.004428662016207023,5.313134197156558,US-89 (S),45.0,E CENTER ST,,,,hereA0116,TMC,116-17868
7418,1 - D460 (SB),S221R2,12.110785767140788,192,-1217339197,0.05140931197466618,5.3175628591727655,US-89 (S),45.0,,,,,hereA0116,TMC,116-17868
7418,1 - D460 (SB),S221R2,12.110785767140788,193,-1217337570,0.01938312155426546,5.368972171147432,US-89 (S),45.0,,,,,hereA0116,TMC,116-17868
7418,1 - D460 (SB),S221R2,12.110785767140788,194,-1312920384,0.010530998647602034,5.388355292701697,US-89 (SW),45.0,,,,,hereA0116,TMC,116-17868
7418,1 - D460 (SB),S221R2,12.110785767140788,195,-1312920496,0.05795311252530419,5.398886291349299,US-89 (S),45.0,,,,,hereA0116,TMC,116-17868
7418,1 - D460 (SB),S221R2,12.110785767140788,196,-1312920495,0.07226848636560222,5.4568394038746035,US-89 (S),45.0,,S MAIN ST,,,hereA0116,TMC,116-17868
7418,1 - D460 (SB),S221R2,12.110785767140788,197,-1315165070,0.012643335171633857,5.529107890240206,US-89 (S),45.0,S MAIN ST,,,,hereA0116,TMC,116-17868
7418,1 - D460 (SB),S221R2,12.110785767140788,198,-1316568821,0.024647801928321198,5.54175122541184,US-89 (S),45.0,,,,,hereA0116,TMC,116-17868
7418,1 - D460 (SB),S221R2,12.110785767140788,199,-1316568820,0.012005882720409722,5.566399027340161,US-89 (SW),45.0,,,,,hereA0116,TMC,116-17868
7418,1 - D460 (SB),S221R2,12.110785767140788,200,-1312918089,0.01559536259525676,5.578404910060571,US-89 (S),45.0,,,,,hereA0116,TMC,116-17868
7418,1 - D460 (SB),S221R2,12.110785767140788,201,-1217337417,0.021499764227494497,5.594000272655828,US-89 (S),45.0,,,,,hereA0116,TMC,116-17868
7418,1 - D460 (SB),S221R2,12.110785767140788,202,-1240102022,0.02085904364545257,5.615500036883322,US-89 (S),45.0,,,,,hereA0116,TMC,116-17868
7418,1 - D460 (SB),S221R2,12.110785767140788,203,-1240102021,0.012643370522046303,5.636359080528774,US-89 (S),45.0,,,,,hereA0116,TMC,116-17868
7418,1 - D460 (SB),S221R2,12.110785767140788,204,-1217339189,0.0014762322180198791,5.649002451050821,US-89 (S),45.0,,E EAGLE RIDGE DR,,,hereA0116,TMC,116-17868
7418,1 - D460 (SB),S221R2,12.110785767140788,205,-1217335106,0.02337884391611148,5.650478683268841,US-89 (SW),45.0,E EAGLE RIDGE DR,,,,hereA0116,TMC,116-17868
7418,1 - D460 (SB),S221R2,12.110785767140788,206,-1217337669,0.019587665938215548,5.6738575271849525,US-89 (SW),45.0,,,,,hereA0116,TMC,116-05748
7418,1 - D460 (SB),S221R2,12.110785767140788,207,-1217337668,0.02127627280787804,5.693445193123168,US-89 (SW),45.0,,,,,hereA0116,TMC,116-05748
7418,1 - D460 (SB),S221R2,12.110785767140788,208,-1217337444,0.018113453712827115,5.714721465931046,US-89 (SW),45.0,,,,,hereA0116,TMC,116-05748
7418,1 - D460 (SB),S221R2,12.110785767140788,209,-1217337443,0.025914445732507504,5.732834919643873,US-89 (SW),45.0,,BECK ST,,,hereA0116,TMC,116-05748
7418,1 - D460 (SB),S221R2,12.110785767140788,210,-929604038,0.06385254297406565,5.75874936537638,BECK ST (SW),45.0,US-89,E EAGLEGATE DR,,,hereA0116,TMC,116-05748
7418,1 - D460 (SB),S221R2,12.110785767140788,211,-1217342207,0.02948986318818558,5.822601908350445,BECK ST (SW),45.0,E EAGLEGATE DR,,,,hereA0116,TMC,116-05748
7418,1 - D460 (SB),S221R2,12.110785767140788,212,-1217342206,0.14247066734515154,5.852091771538631,BECK ST (SW),45.0,,,,,hereA0116,TMC,116-05748
7418,1 - D460 (SB),S221R2,12.110785767140788,213,-709469939,0.09630949146381265,5.994562438883783,BECK ST (SW),45.0,,,,,hereA0116,TMC,116-05748
7418,1 - D460 (SB),S221R2,12.110785767140788,214,-709469938,0.09395711583339468,6.090871930347595,BECK ST (S),45.0,,EXIT: 312,,,hereA0116,TMC,116-05748
7418,1 - D460 (SB),S221R2,12.110785767140788,215,-1218038105,0.06610153549947001,6.18482904618099,US-89 (S),55.0,BECK ST,,,,hereA0116,TMC,116-05748
7418,1 - D460 (SB),S221R2,12.110785767140788,216,-1310661714,0.07987129198323926,6.250930581680461,US-89 (S),55.0,,,,,hereA0116,TMC,116-05748
7418,1 - D460 (SB),S221R2,12.110785767140788,217,-1310661761,0.052236923100720256,6.3308018736637,US-89 (S),55.0,,,,,hereA0116,TMC,116-05748
7418,1 - D460 (SB),S221R2,12.110785767140788,218,-1310661760,0.3066006231708035,6.38303879676442,US-89 (S),55.0,,,,,hereA0116,TMC,116-05748
7418,1 - D460 (SB),S221R2,12.110785767140788,219,-822725108,0.048373556761260574,6.689639419935223,US-89 (S),55.0,,,,,hereA0116,TMC,116-05748
7418,1 - D460 (SB),S221R2,12.110785767140788,220,-822725107,0.047658607021069166,6.738012976696484,US-89 (S),55.0,,,,,hereA0116,TMC,116-05748
7418,1 - D460 (SB),S221R2,12.110785767140788,221,-32092895,0.0269572968577325,6.785671583717553,US-89 (S),55.0,,,,,hereA0116,TMC,116-05748
7418,1 - D460 (SB),S221R2,12.110785767140788,222,-881129327,0.3240747393785162,6.812628880575286,US-89 (S),55.0,,,,,hereA0116,TMC,116-11505
7418,1 - D460 (SB),S221R2,12.110785767140788,223,-883406539,0.11602493735958036,7.136703619953802,US-89 (S),55.0,,,,,hereA0116,TMC,116-11505
7418,1 - D460 (SB),S221R2,12.110785767140788,224,-737442918,0.15962480815849545,7.252728557313382,US-89 (S),50.0,,N BECK ST,,,hereA0116,TMC,116-11505
7418,1 - D460 (SB),S221R2,12.110785767140788,225,-1212258993,0.022180462181006503,7.412353365471878,N BECK ST (S),50.0,US-89,,,,hereA0116,TMC,116-11505
7418,1 - D460 (SB),S221R2,12.110785767140788,226,-1212258992,0.04296748823195595,7.434533827652885,N BECK ST (S),50.0,,,,,hereA0116,TMC,116-11505
7418,1 - D460 (SB),S221R2,12.110785767140788,227,-1212284265,0.09495392470296803,7.477501315884841,N BECK ST (S),50.0,,,383.094,382.999,hereA0116,TMC,116-11505
7418,1 - D460 (SB),S221R2,12.110785767140788,228,-1212284264,0.07685224024936767,7.572455240587809,N BECK ST (S),50.0,,,382.999,382.922,hereA0116,TMC,116-11505
7418,1 - D460 (SB),S221R2,12.110785767140788,229,-972107502,0.15513033537107396,7.649307480837177,N BECK ST (S),50.0,,,382.922,382.767,hereA0116,TMC,116-11505
7418,1 - D460 (SB),S221R2,12.110785767140788,230,-972107501,0.041390842504650305,7.80443781620825,N BECK ST (S),50.0,,,382.767,382.726,hereA0116,TMC,116-11505
7418,1 - D460 (SB),S221R2,12.110785767140788,231,-972107500,0.026715141117128062,7.8458286587129,N BECK ST (S),50.0,,,382.726,382.699,hereA0116,TMC,116-11505
7418,1 - D460 (SB),S221R2,12.110785767140788,232,-972107499,0.022152347690614266,7.872543799830028,N BECK ST (S),50.0,,N CHICAGO ST,382.699,382.677,hereA0116,TMC,116-11505
7418,1 - D460 (SB),S221R2,12.110785767140788,233,-971903176,0.03886485730671852,7.8946961475206425,N BECK ST (SE),50.0,N CHICAGO ST,,382.677,382.638,hereA0116,TMC,116-05747
7418,1 - D460 (SB),S221R2,12.110785767140788,234,-971903178,0.02596543747019857,7.933561004827361,N BECK ST (SE),50.0,,,382.638,382.635,hereA0116,TMC,116-05747
7418,1 - D460 (SB),S221R2,12.110785767140788,235,-972107233,0.024824791622295506,7.95952644229756,N BECK ST (SE),50.0,,,382.635,382.61,hereA0116,TMC,116-05747
7418,1 - D460 (SB),S221R2,12.110785767140788,236,-1277085478,0.025260483042583146,7.984351233919855,N BECK ST (SE),50.0,,,382.61,382.585,hereA0116,TMC,116-05747
7418,1 - D460 (SB),S221R2,12.110785767140788,237,-1277085477,0.013663346372046034,8.00961171696244,N BECK ST (SE),50.0,,,382.585,382.571,hereA0116,TMC,116-05747
7418,1 - D460 (SB),S221R2,12.110785767140788,238,-972107235,0.022843856510434635,8.023275063334486,N BECK ST (SE),50.0,,,382.571,382.548,hereA0116,TMC,116-05747
7418,1 - D460 (SB),S221R2,12.110785767140788,239,-972107373,0.02162040492522651,8.04611891984492,N BECK ST (SE),50.0,,W 1700 N,382.548,382.527,hereA0116,TMC,116-05747
7418,1 - D460 (SB),S221R2,12.110785767140788,240,-972107372,0.035000551282951126,8.067739324770146,N BECK ST (SE),50.0,W 1700 N,,382.527,382.492,hereA0116,TMC,116-05747
7418,1 - D460 (SB),S221R2,12.110785767140788,241,-1212250596,0.024216120008030372,8.102739876053098,N BECK ST (SE),50.0,,,382.492,382.467,hereA0116,TMC,116-05747
7418,1 - D460 (SB),S221R2,12.110785767140788,242,-1212250595,0.021486592543939597,8.12695599606113,N BECK ST (SE),50.0,,,382.467,382.446,hereA0116,TMC,116-05747
7418,1 - D460 (SB),S221R2,12.110785767140788,243,-1212250604,0.039291649976005504,8.14844258860507,N BECK ST (SE),50.0,,,382.446,382.407,hereA0116,TMC,116-05747
7418,1 - D460 (SB),S221R2,12.110785767140788,244,-1212250603,0.03843704105284242,8.187734238581076,N BECK ST (SE),50.0,,,382.407,382.368,hereA0116,TMC,116-05747
7418,1 - D460 (SB),S221R2,12.110785767140788,245,-1212250583,0.04814360910818442,8.226171279633919,N BECK ST (SE),50.0,,W 1600 N,382.368,382.32,hereA0116,TMC,116-05747
7418,1 - D460 (SB),S221R2,12.110785767140788,246,-1212250578,0.059194728699382894,8.274314888742103,N BECK ST (SE),50.0,W 1600 N,,382.32,382.261,hereA0116,TMC,116-05747
7418,1 - D460 (SB),S221R2,12.110785767140788,247,-1212250577,0.13633148430155484,8.333509617441486,N BECK ST (SE),50.0,,,382.261,382.125,hereA0116,TMC,116-05747
7418,1 - D460 (SB),S221R2,12.110785767140788,248,-1212250567,0.06694370302274831,8.469841101743041,N BECK ST (SE),50.0,,W EVERETT AVE,382.125,382.058,hereA0116,TMC,116-05747
7418,1 - D460 (SB),S221R2,12.110785767140788,249,-734455159,0.03304083019328165,8.536784804765789,N BECK ST (SE),50.0,W EVERETT AVE,,382.058,382.025,hereA0116,TMC,116-05747
7418,1 - D460 (SB),S221R2,12.110785767140788,250,-736433987,0.07161340301828321,8.56982563495907,N BECK ST (SE),45.0,,,382.025,381.953,hereA0116,TMC,116-05747
7418,1 - D460 (SB),S221R2,12.110785767140788,251,-1212223701,0.08339252959418135,8.641439037977353,N BECK ST (SE),45.0,,,381.953,381.87,hereA0116,TMC,116-05747
7418,1 - D460 (SB),S221R2,12.110785767140788,252,-1212371662,0.02162103633841771,8.724831567571535,N BECK ST (SE),45.0,,,381.87,381.848,hereA0116,TMC,116-05747
7418,1 - D460 (SB),S221R2,12.110785767140788,253,-1212371661,0.014366842003822312,8.746452603909953,N BECK ST (SE),45.0,,,381.848,381.834,hereA0116,TMC,116-05747
7418,1 - D460 (SB),S221R2,12.110785767140788,254,-1212223904,0.041015510864480825,8.760819445913775,N BECK ST (SE),45.0,,,381.834,381.793,hereA0116,TMC,116-05747
7418,1 - D460 (SB),S221R2,12.110785767140788,255,-1212223693,0.03879971384000524,8.801834956778256,N BECK ST (SE),45.0,,,381.793,381.754,hereA0116,TMC,116-05747
7418,1 - D460 (SB),S221R2,12.110785767140788,256,-971896842,0.023207243143449865,8.840634670618261,N BECK ST (SE),45.0,,,381.754,381.731,hereA0116,TMC,116-05747
7418,1 - D460 (SB),S221R2,12.110785767140788,257,-783932539,0.07908873521449454,8.86384191376171,N BECK ST (SE),45.0,,,381.731,381.651,hereA0116,TMC,116-05747
7418,1 - D460 (SB),S221R2,12.110785767140788,258,-1212371710,0.022484168510295038,8.942930648976205,N BECK ST (SE),45.0,,,381.651,381.629,hereA0116,TMC,116-05747
7418,1 - D460 (SB),S221R2,12.110785767140788,259,-1212371709,0.04255913547087472,8.9654148174865,N BECK ST (SE),45.0,,,381.629,381.586,hereA0116,TMC,116-05747
7418,1 - D460 (SB),S221R2,12.110785767140788,260,-971896840,0.023838838742495094,9.007973952957375,N BECK ST (SE),45.0,,N VICTORY RD,381.586,381.563,hereA0116,TMC,116-05747
7418,1 - D460 (SB),S221R2,12.110785767140788,261,-971895758,0.04443411917619457,9.03181279169987,N VICTORY RD (SE),40.0,N BECK ST,,,,hereA0116,TMC,116-50022
7418,1 - D460 (SB),S221R2,12.110785767140788,262,-971895757,0.0280169487673147,9.076246910876065,N VICTORY RD (SE),40.0,,,,,hereA0116,TMC,116-50021
7418,1 - D460 (SB),S221R2,12.110785767140788,263,-1206653236,0.008476125589125416,9.10426385964338,N VICTORY RD (SE),40.0,,,,,hereA0116,TMC,116-50021
7418,1 - D460 (SB),S221R2,12.110785767140788,264,-1280732648,0.014367109486650365,9.112739985232505,N VICTORY RD (SE),40.0,,,,,hereA0116,TMC,116-50021
7418,1 - D460 (SB),S221R2,12.110785767140788,265,-1280732647,0.03060761272512779,9.127107094719156,N VICTORY RD (SE),40.0,,,,,hereA0116,TMC,116-50021
7418,1 - D460 (SB),S221R2,12.110785767140788,266,-1212367126,0.0339046662346708,9.157714707444283,N VICTORY RD (SE),40.0,,,,,hereA0116,TMC,116-50021
7418,1 - D460 (SB),S221R2,12.110785767140788,267,-1280721536,0.030844114395592766,9.191619373678954,N VICTORY RD (SE),40.0,,,,,hereA0116,TMC,116-50021
7418,1 - D460 (SB),S221R2,12.110785767140788,268,-1280721535,0.0274206464437862,9.222463488074547,N VICTORY RD (SE),40.0,,,,,hereA0116,TMC,116-50021
7418,1 - D460 (SB),S221R2,12.110785767140788,269,-1212784341,0.10147980123073591,9.249884134518334,N VICTORY RD (SE),40.0,,,,,hereA0116,TMC,116-50021
7418,1 - D460 (SB),S221R2,12.110785767140788,270,-1280722307,0.014124080976039597,9.35136393574907,N VICTORY RD (SE),50.0,,,,,hereA0116,TMC,116-50021
7418,1 - D460 (SB),S221R2,12.110785767140788,271,-1280722306,0.7301462762799893,9.36548801672511,N VICTORY RD (SE),50.0,,,,,hereA0116,TMC,116-50021
7418,1 - D460 (SB),S221R2,12.110785767140788,272,-1280721544,0.019328200916150704,10.095634293005098,N VICTORY RD (SE),50.0,,,,,hereA0116,TMC,116-50021
7418,1 - D460 (SB),S221R2,12.110785767140788,273,-1057345842,0.05050857617883041,10.114962493921249,N VICTORY RD (SE),30.0,,,,,hereA0116,TMC,116-50021
7418,1 - D460 (SB),S221R2,12.110785767140788,274,-1212201430,0.023652620797662678,10.165471070100079,N VICTORY RD (SE),30.0,,,,,hereA0116,TMC,116-50021
7418,1 - D460 (SB),S221R2,12.110785767140788,275,-1212201429,0.014788876648262828,10.189123690897741,N VICTORY RD (SE),30.0,,,,,hereA0116,TMC,116-50021
7418,1 - D460 (SB),S221R2,12.110785767140788,276,-1022155486,0.012646847545999111,10.203912567546004,N VICTORY RD (S),30.0,,E ZANE AVE,,,hereA0116,TMC,116-50021
7418,1 - D460 (SB),S221R2,12.110785767140788,277,-1212201315,0.013861744774100498,10.216559415092004,N COLUMBUS ST (S),30.0,E ZANE AVE,,,,hereA0116,TMC,116-50021
7418,1 - D460 (SB),S221R2,12.110785767140788,278,-1212201314,0.023485234022338323,10.230421159866104,N COLUMBUS ST (S),30.0,,E 500 N,,,hereA0116,TMC,116-50021
7418,1 - D460 (SB),S221R2,12.110785767140788,279,-1212201424,0.02892705010725209,10.253906393888442,N COLUMBUS ST (S),30.0,E 500 N,,,,hereA0116,TMC,116-50021
7418,1 - D460 (SB),S221R2,12.110785767140788,280,-1212201423,0.017909641482292047,10.282833443995695,N COLUMBUS ST (S),30.0,,,,,hereA0116,TMC,116-50021
7418,1 - D460 (SB),S221R2,12.110785767140788,281,-1212201403,0.049171874075539766,10.300743085477988,N COLUMBUS ST (S),30.0,,N WEST CAPITOL ST,,,hereA0116,TMC,116-50021
7418,1 - D460 (SB),S221R2,12.110785767140788,282,-821240336,0.006920212156778432,10.349914959553528,N COLUMBUS ST (S),30.0,N WEST CAPITOL ST,,,,hereA0116,TMC,116-50021
7418,1 - D460 (SB),S221R2,12.110785767140788,283,-821240335,0.007608437180138994,10.356835171710307,N COLUMBUS ST (S),30.0,,W 400 N,,,hereA0116,TMC,116-50021
7418,1 - D460 (SB),S221R2,12.110785767140788,284,-781871260,0.06882661911533546,10.364443608890445,N COLUMBUS ST (S),30.0,W 400 N,N WALL ST,,,hereA0116,TMC,116-50021
7418,1 - D460 (SB),S221R2,12.110785767140788,285,-1280731767,0.0020700908083760064,10.43327022800578,N COLUMBUS ST (S),30.0,N WALL ST,,,,hereA0116,TMC,116-50021
7418,1 - D460 (SB),S221R2,12.110785767140788,286,-1280731766,0.004173278479996863,10.435340318814156,N COLUMBUS ST (S),30.0,,W APRICOT AVE,,,hereA0116,TMC,116-50021
7418,1 - D460 (SB),S221R2,12.110785767140788,287,-1280731824,0.011347733389307384,10.439513597294152,N COLUMBUS ST (S),30.0,W APRICOT AVE,,,,hereA0116,TMC,116-50021
7418,1 - D460 (SB),S221R2,12.110785767140788,288,-1280731823,0.01935706002136783,10.450861330683459,N COLUMBUS ST (S),30.0,,,,,hereA0116,TMC,116-50021
7418,1 - D460 (SB),S221R2,12.110785767140788,289,-1234765835,0.026057986505038388,10.470218390704828,N COLUMBUS ST (S),30.0,,,,,hereA0116,TMC,116-50021
7418,1 - D460 (SB),S221R2,12.110785767140788,290,-1212201435,0.041955116469899446,10.496276377209867,N COLUMBUS ST (S),30.0,,E 300 N,,,hereA0116,TMC,116-50021
7418,1 - D460 (SB),S221R2,12.110785767140788,291,-1022139815,0.015879358404577656,10.538231493679767,N MAIN ST (S),30.0,E 300 N,,,,hereA0116,DLR,-1022139815
7418,1 - D460 (SB),S221R2,12.110785767140788,292,-1022139814,0.06832102649880625,10.554110852084344,N MAIN ST (S),30.0,,E HILLSIDE AVE,,,hereA0116,DLR,-1022139814
7418,1 - D460 (SB),S221R2,12.110785767140788,293,-32094484,0.03588155576163497,10.62243187858315,N MAIN ST (S),30.0,E HILLSIDE AVE,N CENTER ST,,,hereA0116,DLR,-32094484
7418,1 - D460 (SB),S221R2,12.110785767140788,294,-32094578,0.03933170162718113,10.658313434344786,N MAIN ST (S),30.0,N CENTER ST,W 200 N,,,hereA0116,DLR,-32094578
7418,1 - D460 (SB),S221R2,12.110785767140788,295,-1212227965,0.027606176313149145,10.697645135971968,N MAIN ST (S),30.0,W 200 N,,,,hereA0116,DLR,-1212227965
7418,1 - D460 (SB),S221R2,12.110785767140788,296,-1233488901,0.024846609273930603,10.725251312285117,N MAIN ST (S),30.0,,,,,hereA0116,DLR,-1233488901
7418,1 - D460 (SB),S221R2,12.110785767140788,297,-1233488900,0.013800594315039856,10.750097921559048,N MAIN ST (S),30.0,,,,,hereA0116,DLR,-1233488900
7418,1 - D460 (SB),S221R2,12.110785767140788,298,-1292771909,0.016560712544683154,10.763898515874088,N MAIN ST (S),30.0,,,,,hereA0116,DLR,-1292771909
7418,1 - D460 (SB),S221R2,12.110785767140788,299,-1292771908,0.02553648592803577,10.78045922841877,N MAIN ST (S),30.0,,,,,hereA0116,DLR,-1292771908
7418,1 - D460 (SB),S221R2,12.110785767140788,300,-1212227970,0.03519541935199427,10.805995714346807,N MAIN ST (S),30.0,,E NORTH TEMPLE,,,hereA0116,DLR,-1212227970
7418,1 - D460 (SB),S221R2,12.110785767140788,301,829258978,0.012590224857120651,10.841191133698802,E NORTH TEMPLE (E),30.0,W NORTH TEMPLE,,,,hereA0116,TMC,116+50062
7418,1 - D460 (SB),S221R2,12.110785767140788,302,972976707,0.015213188368304187,10.853781358555922,E NORTH TEMPLE (E),30.0,,,,,hereA0116,TMC,116+50062
7418,1 - D460 (SB),S221R2,12.110785767140788,303,972976708,0.012065632154585615,10.868994546924226,E NORTH TEMPLE (E),30.0,,,,,hereA0116,TMC,116+50062
7418,1 - D460 (SB),S221R2,12.110785767140788,304,972976706,0.016262373773373674,10.881060179078812,E NORTH TEMPLE (E),30.0,,,,,hereA0116,TMC,116+50062
7418,1 - D460 (SB),S221R2,12.110785767140788,305,-972976705,0.02623871190438267,10.897322552852186,E NORTH TEMPLE (E),30.0,,,,,hereA0116,TMC,116+50062
7418,1 - D460 (SB),S221R2,12.110785767140788,306,972976704,0.015213190649842792,10.923561264756568,E NORTH TEMPLE (E),30.0,,,,,hereA0116,TMC,116+50062
7418,1 - D460 (SB),S221R2,12.110785767140788,307,1280731760,0.0482625358530108,10.938774455406412,E NORTH TEMPLE (E),30.0,,,,,hereA0116,TMC,116+50062
7418,1 - D460 (SB),S221R2,12.110785767140788,308,1280731761,0.002098371123988644,10.987036991259423,E NORTH TEMPLE (E),30.0,,E 2ND AVE,,,hereA0116,TMC,116+50062
7418,1 - D460 (SB),S221R2,12.110785767140788,309,-32094758,0.03657156543063631,10.989135362383411,N STATE ST (S),30.0,E 2ND AVE,,,,hereA0116,TMC,116-09490
7418,1 - D460 (SB),S221R2,12.110785767140788,310,-972976650,0.024151031926817938,11.025706927814047,N STATE ST (S),30.0,,,,,hereA0116,TMC,116-09490
7418,1 - D460 (SB),S221R2,12.110785767140788,311,-972976649,0.006900294566264733,11.049857959740866,N STATE ST (S),30.0,,E 1ST AVE,,,hereA0116,TMC,116-09490
7418,1 - D460 (SB),S221R2,12.110785767140788,312,-972977044,0.01587067704745713,11.05675825430713,N STATE ST (S),30.0,E 1ST AVE,,,,hereA0116,TMC,116-09490
7418,1 - D460 (SB),S221R2,12.110785767140788,313,-972977043,0.013110558821650633,11.072628931354588,N STATE ST (S),30.0,,,,,hereA0116,TMC,116-09490
7418,1 - D460 (SB),S221R2,12.110785767140788,314,-1063922926,0.02622111634357504,11.08573949017624,N STATE ST (S),30.0,,,,,hereA0116,TMC,116-09490
7418,1 - D460 (SB),S221R2,12.110785767140788,315,-1063922925,0.027601173227612717,11.111960606519814,N STATE ST (S),30.0,,S STATE ST,,,hereA0116,TMC,116-09490
7418,1 - D460 (SB),S221R2,12.110785767140788,316,-734535607,0.03726527367896967,11.139561779747426,S STATE ST (S),30.0,N STATE ST,,,,hereA0116,TMC,116-09490
7418,1 - D460 (SB),S221R2,12.110785767140788,317,-1212373993,0.016560701461125243,11.176827053426395,S STATE ST (S),30.0,,,,,hereA0116,TMC,116-09490
7418,1 - D460 (SB),S221R2,12.110785767140788,318,-1212373992,0.023460992552266968,11.193387754887521,S STATE ST (S),30.0,,E SOCIAL HALL AVE,,,hereA0116,TMC,116-09490
7418,1 - D460 (SB),S221R2,12.110785767140788,319,-929620927,0.016569007314120938,11.216848747439787,S STATE ST (S),30.0,E SOCIAL HALL AVE,S REGENT ST,,,hereA0116,TMC,116-09490
7418,1 - D460 (SB),S221R2,12.110785767140788,320,-1212374092,0.02967588966689141,11.233417754753908,S STATE ST (S),30.0,S REGENT ST,,,,hereA0116,TMC,116-09490
7418,1 - D460 (SB),S221R2,12.110785767140788,321,-1212374091,0.02691113367459776,11.2630936444208,S STATE ST (S),30.0,,E 100 S,,,hereA0116,TMC,116-09490
7418,1 - D460 (SB),S221R2,12.110785767140788,322,-32095068,0.047612001262038635,11.2900047780954,S STATE ST (S),30.0,E 100 S,ORPHEUM AVE,,,hereA0116,TMC,116-09490
7418,1 - D460 (SB),S221R2,12.110785767140788,323,-1292778091,0.011040463244575525,11.337616779357438,S STATE ST (S),30.0,ORPHEUM AVE,,,,hereA0116,TMC,116-09490
7418,1 - D460 (SB),S221R2,12.110785767140788,324,-1292778090,0.04554190763986147,11.348657242602012,S STATE ST (S),30.0,,,,,hereA0116,TMC,116-09490
7418,1 - D460 (SB),S221R2,12.110785767140788,325,-1292772823,0.008280346281701597,11.394199150241874,S STATE ST (S),30.0,,,,,hereA0116,TMC,116-09490
7418,1 - D460 (SB),S221R2,12.110785767140788,326,-1292772822,0.005520230758873114,11.402479496523576,S STATE ST (S),30.0,,,,,hereA0116,TMC,116-09490
7418,1 - D460 (SB),S221R2,12.110785767140788,327,-972998966,0.030361267801126444,11.40799972728245,S STATE ST (S),30.0,,E 200 S,,,hereA0116,TMC,116-09490
7418,1 - D460 (SB),S221R2,12.110785767140788,328,-32132165,0.008970374133778493,11.438360995083576,S STATE ST (S),30.0,E 200 S,E 200 S,,,hereA0116,TMC,116-09490
7418,1 - D460 (SB),S221R2,12.110785767140788,329,-972997460,0.024151006273885004,11.447331369217354,S STATE ST (S),30.0,E 200 S,,,,hereA0116,TMC,116-06897
7418,1 - D460 (SB),S221R2,12.110785767140788,330,-972997462,0.03243134897030991,11.471482375491238,S STATE ST (S),30.0,,,,,hereA0116,TMC,116-06897
7418,1 - D460 (SB),S221R2,12.110785767140788,331,-972997461,0.0310512890847698,11.503913724461547,S STATE ST (S),30.0,,E GALLIVAN AVE,,,hereA0116,TMC,116-06897
7418,1 - D460 (SB),S221R2,12.110785767140788,332,-972997464,0.025531058093651974,11.534965013546318,S STATE ST (S),30.0,E GALLIVAN AVE,,,,hereA0116,TMC,116-06897
7418,1 - D460 (SB),S221R2,12.110785767140788,333,-1212181538,0.0158706569068833,11.56049607163997,S STATE ST (S),30.0,,,,,hereA0116,TMC,116-06897
7418,1 - D460 (SB),S221R2,12.110785767140788,334,-1212181537,0.013800570707114334,11.576366728546853,S STATE ST (S),30.0,,E 300 S,,,hereA0116,TMC,116-06897
7418,1 - D460 (SB),S221R2,12.110785767140788,335,-1212189436,0.009660399210397762,11.590167299253968,S STATE ST (S),30.0,E 300 S,,,,hereA0116,TMC,116-06897
7418,1 - D460 (SB),S221R2,12.110785767140788,336,-1212189435,0.031051281580415882,11.599827698464367,S STATE ST (S),30.0,,,,,hereA0116,TMC,116-06897
7418,1 - D460 (SB),S221R2,12.110785767140788,337,-971356298,0.023460966695052952,11.630878980044782,S STATE ST (S),30.0,,,,,hereA0116,TMC,116-06897
7418,1 - D460 (SB),S221R2,12.110785767140788,338,-1212183862,0.02346096530810803,11.654339946739835,S STATE ST (S),30.0,,,,,hereA0116,TMC,116-06897
7418,1 - D460 (SB),S221R2,12.110785767140788,339,-1212183861,0.01104045378251631,11.677800912047942,S STATE ST (S),30.0,,E EXCHANGE PL,,,hereA0116,TMC,116-06897
7418,1 - D460 (SB),S221R2,12.110785767140788,340,-971356296,0.017250708421056592,11.68884136583046,S STATE ST (S),30.0,E EXCHANGE PL,,,,hereA0116,TMC,116-06897
7418,1 - D460 (SB),S221R2,12.110785767140788,341,-971356295,0.02829602498187365,11.706092074251515,S STATE ST (S),30.0,,E 400 S,,,hereA0116,TMC,116-06897
7418,1 - D460 (SB),S221R2,12.110785767140788,342,-1212181283,0.015740331345543722,11.734388099233389,E 400 S (W),30.0,S STATE ST,,378.639,378.655,hereA0116,TMC,116-05663
7418,1 - D460 (SB),S221R2,12.110785767140788,343,-1212181282,0.020462430749274566,11.750128430578933,E 400 S (W),30.0,,,378.655,378.675,hereA0116,TMC,116-05663
7418,1 - D460 (SB),S221R2,12.110785767140788,344,-1315721036,0.028857274134085245,11.770590861328207,E 400 S (W),30.0,,,378.675,378.704,hereA0116,TMC,116-05663
7418,1 - D460 (SB),S221R2,12.110785767140788,345,-1315721035,0.006296132538070924,11.799448135462292,E 400 S (W),30.0,,,378.704,378.71,hereA0116,TMC,116-05663
7418,1 - D460 (SB),S221R2,12.110785767140788,346,-902158006,0.004197421692793076,11.805744268000362,E 400 S (W),30.0,,CACTUS ST,378.71,378.715,hereA0116,TMC,116-05663
7418,1 - D460 (SB),S221R2,12.110785767140788,347,-1202517712,0.034628728960430184,11.809941689693154,E 400 S (W),30.0,CACTUS ST,,378.715,378.749,hereA0116,TMC,116-05663
7418,1 - D460 (SB),S221R2,12.110785767140788,348,-1202517711,0.03357937353779823,11.844570418653584,E 400 S (W),30.0,,S MAIN ST,378.749,378.783,hereA0116,TMC,116-05663
7418,1 - D460 (SB),S221R2,12.110785767140788,349,-1103803780,0.007358104685993566,11.878149792191381,E 400 S (W),30.0,S MAIN ST,,378.783,378.79,hereA0116,TMC,116-05663
7418,1 - D460 (SB),S221R2,12.110785767140788,350,-1103803779,0.005928485785895115,11.885507896877375,E 400 S (SW),30.0,,W 400 S,378.79,378.796,hereA0116,TMC,116-05663
7418,1 - D460 (SB),S221R2,12.110785767140788,351,971346064,0.04512760968969611,11.89143638266327,W 400 S (W),30.0,E 400 S,,378.796,378.841,hereA0116,TMC,116-05663
7418,1 - D460 (SB),S221R2,12.110785767140788,352,1292956331,0.0241450602222317,11.936563992352967,W 400 S (W),30.0,,,378.841,378.865,hereA0116,TMC,116-05663
7418,1 - D460 (SB),S221R2,12.110785767140788,353,-1292956332,0.0026233909166353546,11.960709052575199,W 400 S (W),30.0,,,378.4,378.397,hereA0116,TMC,116-05663
7418,1 - D460 (SB),S221R2,12.110785767140788,354,-1212204184,0.02623390916557307,11.963332443491835,W 400 S (W),30.0,,,378.397,378.371,hereA0116,TMC,116-05663
7418,1 - D460 (SB),S221R2,12.110785767140788,355,-971346063,0.025709230982123705,11.989566352657407,W 400 S (W),30.0,,,378.371,378.345,hereA0116,TMC,116-05663
7418,1 - D460 (SB),S221R2,12.110785767140788,356,-971346062,0.020987127332319475,12.01527558363953,W 400 S (W),30.0,,S WEST TEMPLE,378.345,378.324,hereA0116,TMC,116-05663
7418,1 - D460 (SB),S221R2,12.110785767140788,357,971346067,0.03726152808447017,12.03626271097185,S WEST TEMPLE (N),25.0,W 400 S,,,,hereA0116,TMC,116+50354
7418,1 - D460 (SB),S221R2,12.110785767140788,358,-971346067,0.03726152808447017,12.073524239056319,S WEST TEMPLE (S),25.0,,W 400 S,,,hereA0116,TMC,116-50354
