MODE,NAMEID,NAME,OPERATOR,ONEWAY,RT_DIST,PK_PRD,OK_PRD,PK_HEADWAY,OK_HEADWAY,PK_RT_TIME,OK_RT_TIME,PK_SPEED,OK_SPEED,PK_D_BOARD,PK_W_BOARD,PK_BOARD,PK_ALIGHT,OK_D_BOARD,OK_W_BOARD,OK_BOARD,OK_ALIGHT,DY_D_BOARD,DY_W_BOARD,DY_BOARD,DY_ALIGHT,PK_VEH,OK_VEH,DY_VEH,PK_REVMI,OK_REVMI,DY_REVMI,PK_REVHR,OK_REVHR,DY_REVHR
4,1.0,D460,0,1,24.40,6,10,60,0,87.63,81.65,16.7,17.9,4.14,100.02,104.16,104.16,0.00,0.00,0.00,0.00,4.14,100.02,104.16,104.16,2.0,0.0,2.0,146.40,0.00,146.40,12.0,0.0,12.0
4,2.0,D461,0,1,38.74,6,10,30,0,134.52,128.34,17.3,18.1,18.42,216.29,234.71,234.71,0.00,0.00,0.00,0.00,18.42,216.29,234.71,234.71,5.0,0.0,5.0,464.88,0.00,464.88,30.0,0.0,30.0
4,3.0,D462,0,1,23.44,6,10,40,0,80.79,74.74,17.4,18.8,0.50,91.37,91.87,91.87,0.00,0.00,0.00,0.00,0.50,91.37,91.87,91.87,3.0,0.0,3.0,210.96,0.00,210.96,18.0,0.0,18.0
4,4.0,FD605,0,0,15.96,6,10,30,30,55.77,56.13,17.2,17.1,19.33,120.77,140.10,140.10,7.31,144.97,152.28,152.28,26.64,265.74,292.38,292.38,2.0,2.0,2.0,191.52,319.20,510.72,12.0,20.0,32.0
4,5.0,M805_Santaquin,0,1,61.66,6,10,45,60,91.80,88.99,40.3,41.6,277.72,170.79,448.51,448.51,35.97,68.62,104.59,104.59,313.69,239.41,553.10,553.10,3.0,2.0,3.0,493.28,616.60,1109.90,18.0,20.0,38.0
4,6.0,M806_EglMtn,0,1,28.32,6,10,45,0,57.99,53.92,29.3,31.5,18.25,78.04,96.29,96.29,0.00,0.00,0.00,0.00,18.25,78.04,96.29,96.29,2.0,0.0,2.0,226.56,0.00,226.56,12.0,0.0,12.0
4,7.0,M807_NoCnty,0,1,21.62,6,10,30,0,66.68,65.54,19.5,19.8,88.03,178.95,266.98,266.98,0.00,0.00,0.00,0.00,88.03,178.95,266.98,266.98,3.0,0.0,3.0,259.44,0.00,259.44,18.0,0.0,18.0
4,8.0,M809_AM-PG,0,1,6.23,6,10,30,0,21.78,21.64,17.2,17.3,18.71,51.48,70.19,70.19,0.00,0.00,0.00,0.00,18.71,51.48,70.19,70.19,1.0,0.0,1.0,74.76,0.00,74.76,6.0,0.0,6.0
4,9.0,M821_Psn,0,0,43.12,6,10,30,60,119.97,118.33,21.6,21.9,34.11,335.67,369.78,369.78,24.33,340.43,364.76,364.76,58.44,676.10,734.54,734.54,4.0,2.0,4.0,517.44,431.20,948.64,24.0,20.0,44.0
4,10.0,M822_Psn,0,0,54.18,6,10,60,0,158.28,156.46,20.5,20.8,181.26,509.62,690.88,690.88,0.00,0.00,0.00,0.00,181.26,509.62,690.88,690.88,3.0,0.0,3.0,325.08,0.00,325.08,18.0,0.0,18.0
4,11.0,M831_WPr,0,0,23.68,6,10,30,30,85.35,85.35,16.6,16.6,19.92,649.39,669.31,669.31,13.44,482.65,496.09,496.09,33.36,1132.04,1165.40,1165.40,3.0,3.0,3.0,284.16,473.60,757.76,18.0,30.0,48.0
4,12.0,M833_CntPr,0,1,9.73,6,10,30,60,31.48,31.49,18.5,18.5,3.19,96.34,99.53,99.53,2.05,93.97,96.02,96.02,5.24,190.31,195.55,195.55,2.0,1.0,2.0,116.76,97.30,214.06,12.0,10.0,22.0
4,13.0,M834_EstPr,0,0,17.32,6,10,60,60,54.96,54.91,18.9,18.9,22.48,209.62,232.10,232.10,14.77,249.30,264.07,264.07,37.25,458.92,496.17,496.17,1.0,1.0,1.0,103.92,173.20,277.12,6.0,10.0,16.0
4,14.0,M841_UVU,0,0,5.32,6,10,30,30,20.24,19.78,15.8,16.1,2.19,58.02,60.21,60.21,1.14,29.46,30.60,30.60,3.33,87.48,90.81,90.81,1.0,1.0,1.0,63.84,106.40,170.24,6.0,10.0,16.0
4,15.0,M850_StateStreet,0,1,45.62,6,10,15,15,150.97,150.63,18.1,18.2,127.58,1108.89,1236.47,1236.47,82.31,1128.64,1210.95,1210.95,209.89,2237.53,2447.42,2447.42,11.0,11.0,11.0,1094.90,1824.80,2919.70,66.0,110.0,176.0
4,16.0,M862_Orem,0,0,28.28,6,10,30,30,100.54,99.66,16.9,17.0,9.50,532.45,541.95,541.95,3.47,276.59,280.06,280.06,12.97,809.04,822.01,822.01,4.0,4.0,4.0,339.36,565.60,904.96,24.0,40.0,64.0
4,17.0,M864_ThanksgivingPnt,0,1,7.26,6,10,30,30,24.32,24.00,17.9,18.1,5.18,33.70,38.88,38.88,2.18,17.41,19.59,19.59,7.36,51.11,58.47,58.47,1.0,1.0,1.0,87.12,145.20,232.32,6.0,10.0,16.0
4,18.0,M871_SLtoUtahCnty,0,1,26.43,6,10,30,30,64.57,61.34,24.6,25.9,9.09,71.71,80.80,80.80,5.04,39.09,44.13,44.13,14.13,110.80,124.93,124.93,3.0,3.0,3.0,317.16,528.60,845.76,18.0,30.0,48.0
4,19.0,O601,0,1,3.71,6,10,20,20,13.36,13.39,16.7,16.6,0.02,11.88,11.90,11.90,0.18,13.66,13.84,13.84,0.20,25.54,25.74,25.74,1.0,1.0,1.0,66.78,111.30,178.08,6.0,10.0,16.0
4,20.0,O603,0,0,10.30,6,10,15,15,35.93,35.26,17.2,17.5,48.16,352.61,400.77,400.77,9.84,247.18,257.02,257.02,58.00,599.79,657.79,657.79,3.0,3.0,3.0,247.20,412.00,659.20,18.0,30.0,48.0
4,21.0,O604,0,0,24.38,6,10,30,30,75.25,74.51,19.4,19.6,27.58,126.07,153.65,153.65,8.09,123.67,131.76,131.76,35.67,249.74,285.41,285.41,3.0,3.0,3.0,292.56,487.60,780.16,18.0,30.0,48.0
4,22.0,O606,0,0,10.24,6,10,360,0,33.51,33.56,18.3,18.3,0.00,67.45,67.45,67.45,0.00,0.00,0.00,0.00,0.00,67.45,67.45,67.45,1.0,0.0,1.0,10.24,0.00,10.24,6.0,0.0,6.0
4,23.0,O608,0,0,5.64,6,10,360,720,17.20,17.27,19.7,19.6,0.00,23.97,23.97,23.97,0.00,33.05,33.05,33.05,0.00,57.02,57.02,57.02,1.0,1.0,1.0,5.64,4.70,10.34,6.0,10.0,16.0
4,24.0,O612,0,0,30.88,6,10,15,15,91.12,91.09,20.3,20.3,14.58,325.79,340.37,340.37,9.59,381.53,391.12,391.12,24.17,707.32,731.49,731.49,7.0,7.0,7.0,741.12,1235.20,1976.30,42.0,70.0,112.0
4,25.0,O613,0,0,17.74,6,10,30,60,50.21,50.06,21.2,21.3,9.39,84.65,94.04,94.04,6.02,92.55,98.57,98.57,15.41,177.20,192.61,192.61,2.0,1.0,2.0,212.88,177.40,390.28,12.0,10.0,22.0
4,26.0,O616,0,1,29.23,6,10,46,360,65.44,65.03,26.8,27.0,6.12,19.34,25.46,25.46,2.63,15.67,18.30,18.30,8.75,35.01,43.76,43.76,2.0,1.0,2.0,228.76,48.72,277.47,12.0,10.0,22.0
4,27.0,O625,0,1,21.72,6,10,30,30,66.13,65.03,19.7,20.0,29.12,216.43,245.55,245.55,6.19,152.58,158.77,158.77,35.31,369.01,404.32,404.32,3.0,3.0,3.0,260.64,434.40,695.04,18.0,30.0,48.0
4,28.0,O626,0,0,19.54,6,10,30,60,60.28,59.49,19.4,19.7,3.92,77.42,81.34,81.34,1.77,68.46,70.23,70.23,5.69,145.88,151.57,151.57,3.0,1.0,3.0,234.48,195.40,429.88,18.0,10.0,28.0
4,29.0,O627,0,0,23.78,6,10,30,60,84.29,82.27,16.9,17.3,33.21,233.56,266.77,266.77,3.18,223.17,226.35,226.34,36.39,456.73,493.12,493.11,3.0,2.0,3.0,285.36,237.80,523.16,18.0,20.0,38.0
4,30.0,O628,0,0,12.96,6,10,30,30,49.34,49.58,15.8,15.7,19.57,127.14,146.71,146.71,10.55,115.35,125.90,125.90,30.12,242.49,272.61,272.61,2.0,2.0,2.0,155.52,259.20,414.72,12.0,20.0,32.0
4,31.0,O630,0,0,48.70,6,10,60,60,116.35,116.37,25.1,25.1,17.45,238.42,255.87,255.87,10.77,225.38,236.15,236.15,28.22,463.80,492.02,492.02,2.0,2.0,2.0,292.20,487.00,779.20,12.0,20.0,32.0
4,32.0,O640,0,0,39.44,6,10,30,30,144.01,145.31,16.4,16.3,40.54,502.70,543.24,543.24,7.50,323.57,331.07,331.07,48.04,826.27,874.31,874.31,5.0,5.0,5.0,473.28,788.80,1262.10,30.0,50.0,80.0
4,33.0,O645,0,0,20.32,6,10,30,30,64.13,63.32,19.0,19.3,33.86,307.61,341.47,341.47,3.79,188.75,192.54,192.54,37.65,496.36,534.01,534.01,3.0,3.0,3.0,243.84,406.40,650.24,18.0,30.0,48.0
4,34.0,O650,0,0,7.50,6,10,30,60,27.08,27.13,16.6,16.6,429.12,184.97,614.09,614.09,7.02,19.82,26.84,26.84,436.14,204.79,640.93,640.93,1.0,1.0,1.0,90.00,75.00,165.00,6.0,10.0,16.0
4,35.0,O667,0,1,3.01,6,10,30,30,10.14,10.16,17.8,17.8,1.58,5.37,6.95,6.95,0.52,6.56,7.08,7.08,2.10,11.93,14.03,14.03,1.0,1.0,1.0,36.12,60.20,96.32,6.0,10.0,16.0
4,36.0,OF618,0,0,9.50,6,10,30,60,30.91,30.98,18.4,18.4,13.25,115.93,129.18,129.18,8.50,117.24,125.74,125.74,21.75,233.17,254.92,254.92,2.0,1.0,2.0,114.00,95.00,209.00,12.0,10.0,22.0
4,37.0,OF620,0,1,16.30,6,10,30,60,46.83,46.07,20.9,21.2,6.32,27.28,33.60,33.60,3.60,30.92,34.52,34.52,9.92,58.20,68.12,68.12,2.0,1.0,2.0,195.60,163.00,358.60,12.0,10.0,22.0
4,38.0,OF638,0,0,13.40,6,10,60,60,37.18,37.19,21.6,21.6,0.10,31.35,31.45,31.45,0.07,40.78,40.85,40.85,0.17,72.13,72.30,72.30,1.0,1.0,1.0,80.40,134.00,214.40,6.0,10.0,16.0
4,39.0,S11,0,1,12.20,6,10,30,60,48.57,49.01,15.1,14.9,172.34,465.04,637.38,637.38,34.23,281.02,315.25,315.25,206.57,746.06,952.63,952.63,2.0,1.0,2.0,146.40,122.00,268.40,12.0,10.0,22.0
4,40.0,S17,0,0,15.42,6,10,30,30,62.90,62.60,14.7,14.8,13.68,449.92,463.60,463.60,6.54,275.40,281.94,281.94,20.22,725.32,745.54,745.54,3.0,3.0,3.0,185.04,308.40,493.44,18.0,30.0,48.0
4,41.0,S2,0,0,8.42,6,10,15,15,36.38,36.90,13.9,13.7,482.84,752.18,1235.02,1235.02,172.01,636.12,808.13,808.13,654.85,1388.30,2043.15,2043.15,3.0,3.0,3.0,202.08,336.80,538.88,18.0,30.0,48.0
4,42.0,S200,0,0,22.72,6,10,15,15,84.84,83.56,16.1,16.3,164.68,1425.08,1589.76,1589.76,65.53,1693.19,1758.72,1758.72,230.21,3118.27,3348.48,3348.48,6.0,6.0,6.0,545.28,908.80,1454.10,36.0,60.0,96.0
4,43.0,S201,0,0,19.82,6,10,30,60,72.89,71.53,16.3,16.6,50.64,241.91,292.55,292.55,4.72,200.13,204.85,204.85,55.36,442.04,497.40,497.40,3.0,2.0,3.0,237.84,198.20,436.04,18.0,20.0,38.0
4,44.0,S205,0,0,18.56,6,10,15,15,72.14,72.02,15.4,15.5,471.16,1394.45,1865.61,1865.61,173.15,1420.64,1593.79,1593.79,644.31,2815.09,3459.40,3459.40,5.0,5.0,5.0,445.44,742.40,1187.80,30.0,50.0,80.0
4,45.0,S209,0,0,27.56,6,10,15,15,104.44,103.68,15.8,15.9,216.84,1436.00,1652.84,1652.84,74.23,1549.95,1624.18,1624.18,291.07,2985.95,3277.02,3277.02,7.0,7.0,7.0,661.44,1102.40,1763.80,42.0,70.0,112.0
4,46.0,S21,0,0,15.70,6,10,15,15,59.73,57.46,15.8,16.4,100.70,619.72,720.42,720.42,31.24,571.01,602.25,602.25,131.94,1190.73,1322.67,1322.67,4.0,4.0,4.0,376.80,628.00,1004.80,24.0,40.0,64.0
4,47.0,S213,0,0,31.70,6,10,30,30,120.62,118.60,15.8,16.0,56.92,1036.35,1093.27,1093.27,18.39,771.47,789.86,789.86,75.31,1807.82,1883.13,1883.13,5.0,4.0,5.0,380.40,634.00,1014.40,30.0,40.0,70.0
4,48.0,S217,0,1,30.18,6,10,15,15,99.22,95.90,18.3,18.9,81.08,907.65,988.73,988.73,19.62,831.61,851.23,851.23,100.70,1739.26,1839.96,1839.96,7.0,7.0,7.0,724.32,1207.20,1931.50,42.0,70.0,112.0
4,49.0,S218,0,0,13.82,6,10,30,30,49.90,48.90,16.6,17.0,17.07,165.48,182.55,182.55,6.97,131.79,138.76,138.76,24.04,297.27,321.31,321.31,2.0,2.0,2.0,165.84,276.40,442.24,12.0,20.0,32.0
4,50.0,S220,0,0,33.06,6,10,15,15,121.40,118.35,16.3,16.8,572.19,1143.54,1715.73,1715.73,188.64,1139.64,1328.28,1328.28,760.83,2283.18,3044.01,3044.01,9.0,8.0,9.0,793.44,1322.40,2115.80,54.0,80.0,134.0
4,51.0,S223,0,0,26.62,6,10,30,60,89.72,86.81,17.8,18.4,35.75,488.75,524.50,524.50,11.56,286.75,298.31,298.31,47.31,775.50,822.81,822.81,3.0,2.0,3.0,319.44,266.20,585.64,18.0,20.0,38.0
4,52.0,S227,0,0,13.22,6,10,30,60,42.51,40.42,18.7,19.6,6.10,172.85,178.95,178.95,2.20,106.89,109.09,109.09,8.30,279.74,288.04,288.04,2.0,1.0,2.0,158.64,132.20,290.84,12.0,10.0,22.0
4,53.0,S232,0,0,15.18,6,10,30,60,51.99,49.67,17.5,18.3,4.43,152.50,156.93,156.93,1.68,112.12,113.80,113.81,6.11,264.62,270.73,270.74,2.0,1.0,2.0,182.16,151.80,333.96,12.0,10.0,22.0
4,54.0,S240,0,0,24.14,6,10,30,30,83.18,83.01,17.4,17.4,56.20,300.74,356.94,356.94,5.74,203.92,209.66,209.66,61.94,504.66,566.60,566.60,3.0,3.0,3.0,289.68,482.80,772.48,18.0,30.0,48.0
4,55.0,S248,0,0,29.12,6,10,30,60,93.73,91.48,18.6,19.1,5.56,282.18,287.74,287.73,2.09,295.80,297.89,297.89,7.65,577.98,585.63,585.62,4.0,2.0,4.0,349.44,291.20,640.64,24.0,20.0,44.0
4,56.0,S3,0,1,11.07,6,10,30,30,45.70,44.72,14.5,14.9,50.88,300.50,351.38,351.39,21.67,306.74,328.41,328.41,72.55,607.24,679.79,679.80,2.0,2.0,2.0,132.84,221.40,354.24,12.0,20.0,32.0
4,57.0,S307X,0,1,16.35,6,10,47,0,56.85,54.43,17.3,18.0,35.99,266.86,302.85,302.85,0.00,0.00,0.00,0.00,35.99,266.86,302.85,302.85,2.0,0.0,2.0,125.23,0.00,125.23,12.0,0.0,12.0
4,58.0,S313X,0,1,22.69,6,10,30,0,61.28,55.21,22.2,24.7,37.61,255.10,292.71,292.71,0.00,0.00,0.00,0.00,37.61,255.10,292.71,292.71,3.0,0.0,3.0,272.28,0.00,272.28,18.0,0.0,18.0
4,59.0,S320X,0,1,15.67,6,10,30,0,56.16,52.06,16.7,18.1,29.04,157.58,186.62,186.62,0.00,0.00,0.00,0.00,29.04,157.58,186.62,186.62,2.0,0.0,2.0,188.04,0.00,188.04,12.0,0.0,12.0
4,60.0,S33,0,0,22.06,6,10,15,15,73.26,73.12,18.1,18.1,46.25,713.32,759.57,759.57,22.62,718.69,741.31,741.31,68.87,1432.01,1500.88,1500.88,5.0,5.0,5.0,529.44,882.40,1411.80,30.0,50.0,80.0
4,61.0,S35,0,0,20.70,6,10,30,30,66.20,65.01,18.8,19.1,6.62,62.72,69.34,69.34,3.61,79.33,82.94,82.94,10.23,142.05,152.28,152.28,3.0,3.0,3.0,248.40,414.00,662.40,18.0,30.0,48.0
4,62.0,S354X,0,1,19.11,6,10,30,0,64.26,58.92,17.8,19.5,44.53,179.74,224.27,224.27,0.00,0.00,0.00,0.00,44.53,179.74,224.27,224.27,3.0,0.0,3.0,229.32,0.00,229.32,18.0,0.0,18.0
4,63.0,S39,0,0,22.92,6,10,15,15,79.08,78.47,17.4,17.5,91.67,838.38,930.05,930.05,12.77,631.68,644.45,644.45,104.44,1470.06,1574.50,1574.50,6.0,6.0,6.0,550.08,916.80,1466.90,36.0,60.0,96.0
4,64.0,S4,0,1,23.85,6,10,30,30,83.14,80.58,17.2,17.8,12.38,875.51,887.89,887.89,11.08,889.22,900.30,900.30,23.46,1764.73,1788.19,1788.19,3.0,3.0,3.0,286.20,477.00,763.20,18.0,30.0,48.0
4,65.0,S41,0,0,9.14,6,10,15,15,28.95,27.42,18.9,20.0,1.48,141.07,142.55,142.55,1.20,126.47,127.67,127.67,2.68,267.54,270.22,270.22,2.0,2.0,2.0,219.36,365.60,584.96,12.0,20.0,32.0
4,66.0,S45,0,0,16.22,6,10,15,15,53.11,52.92,18.3,18.4,64.16,361.36,425.52,425.52,26.77,383.79,410.56,410.56,90.93,745.15,836.08,836.08,4.0,4.0,4.0,389.28,648.80,1038.10,24.0,40.0,64.0
4,67.0,S454,0,1,24.62,6,10,30,0,48.90,49.78,30.2,29.7,42.60,57.25,99.85,99.85,0.00,0.00,0.00,0.00,42.60,57.25,99.85,99.85,2.0,0.0,2.0,295.44,0.00,295.44,12.0,0.0,12.0
4,68.0,S455,0,1,88.92,6,10,35,55,290.94,270.65,18.3,19.7,195.82,1370.23,1566.05,1566.05,67.64,1085.04,1152.68,1152.68,263.46,2455.27,2718.73,2718.73,9.0,5.0,9.0,914.61,970.04,1884.60,54.0,50.0,104.0
4,69.0,S463,0,1,13.74,6,10,30,0,54.13,48.96,15.2,16.8,13.15,130.23,143.38,143.38,0.00,0.00,0.00,0.00,13.15,130.23,143.38,143.38,2.0,0.0,2.0,164.88,0.00,164.88,12.0,0.0,12.0
4,70.0,S47,0,0,18.76,6,10,15,15,63.84,62.50,17.6,18.0,206.38,542.18,748.56,748.56,21.75,388.95,410.70,410.70,228.13,931.13,1159.26,1159.26,5.0,5.0,5.0,450.24,750.40,1200.60,30.0,50.0,80.0
4,71.0,S470,0,1,82.66,6,10,20,30,278.17,266.57,17.8,18.6,68.89,1124.93,1193.82,1193.82,35.09,1192.82,1227.91,1227.91,103.98,2317.75,2421.73,2421.73,14.0,9.0,14.0,1487.90,1653.20,3141.10,84.0,90.0,174.0
4,72.0,S471,0,1,13.26,6,10,40,0,48.87,42.34,16.3,18.8,0.05,205.46,205.51,205.51,0.00,0.00,0.00,0.00,0.05,205.46,205.51,205.51,2.0,0.0,2.0,119.34,0.00,119.34,12.0,0.0,12.0
4,73.0,S509,0,0,25.18,6,10,30,30,95.85,92.81,15.8,16.3,67.29,270.40,337.69,337.69,31.24,408.15,439.39,439.39,98.53,678.55,777.08,777.08,4.0,4.0,4.0,302.16,503.60,805.76,24.0,40.0,64.0
4,74.0,S513,0,0,32.02,6,10,30,0,122.00,119.00,15.7,16.1,60.22,341.80,402.02,402.02,0.00,0.00,0.00,0.00,60.22,341.80,402.02,402.02,5.0,0.0,5.0,384.24,0.00,384.24,30.0,0.0,30.0
4,75.0,S519/520,0,1,4.88,6,10,30,30,18.19,18.43,16.1,15.9,13.37,34.19,47.56,47.56,5.95,49.20,55.15,55.15,19.32,83.39,102.71,102.71,1.0,1.0,1.0,58.56,97.60,156.16,6.0,10.0,16.0
4,76.0,S525,0,1,5.01,6,10,30,30,18.74,18.36,16.0,16.4,3.11,27.98,31.09,31.09,1.59,31.98,33.57,33.57,4.70,59.96,64.66,64.66,1.0,1.0,1.0,60.12,100.20,160.32,6.0,10.0,16.0
4,77.0,S526,0,0,11.72,6,10,60,0,33.09,33.59,21.3,20.9,2.04,53.65,55.69,55.69,0.00,0.00,0.00,0.00,2.04,53.65,55.69,55.69,1.0,0.0,1.0,70.32,0.00,70.32,6.0,0.0,6.0
4,78.0,S54,0,0,17.74,6,10,15,15,57.35,55.84,18.6,19.1,44.53,436.55,481.08,481.08,20.08,352.51,372.59,372.59,64.61,789.06,853.67,853.67,4.0,4.0,4.0,425.76,709.60,1135.40,24.0,40.0,64.0
4,79.0,S551,0,1,11.61,6,10,40,0,28.37,27.93,24.6,24.9,3.32,38.74,42.06,42.06,0.00,0.00,0.00,0.00,3.32,38.74,42.06,42.06,1.0,0.0,1.0,104.49,0.00,104.49,6.0,0.0,6.0
4,80.0,S6,0,1,13.52,6,10,30,30,54.14,54.62,15.0,14.9,170.27,528.42,698.69,698.69,65.87,430.04,495.91,495.91,236.14,958.46,1194.60,1194.60,2.0,2.0,2.0,162.24,270.40,432.64,12.0,20.0,32.0
4,81.0,S62,0,0,20.26,6,10,30,60,65.10,63.49,18.7,19.1,8.18,150.97,159.15,159.15,3.10,140.09,143.19,143.19,11.28,291.06,302.34,302.34,3.0,2.0,3.0,243.12,202.60,445.72,18.0,20.0,38.0
4,82.0,S72,0,0,10.40,6,10,30,60,39.46,39.28,15.8,15.9,16.93,245.57,262.50,262.50,4.67,217.39,222.06,222.06,21.60,462.96,484.56,484.56,2.0,1.0,2.0,124.80,104.00,228.80,12.0,10.0,22.0
4,83.0,S9,0,0,19.62,6,10,15,15,75.32,75.15,15.6,15.7,24.86,686.34,711.20,711.20,5.32,552.29,557.61,557.61,30.18,1238.63,1268.81,1268.81,6.0,6.0,6.0,470.88,784.80,1255.70,36.0,60.0,96.0
4,84.0,SF453,0,1,34.73,6,10,60,60,44.12,43.25,47.2,48.2,0.94,21.89,22.83,22.83,0.85,49.94,50.79,50.79,1.79,71.83,73.62,73.62,1.0,1.0,1.0,208.38,347.30,555.68,6.0,10.0,16.0
4,85.0,SF504,0,0,17.24,6,10,60,60,51.87,51.93,19.9,19.9,0.70,54.02,54.72,54.72,0.59,54.54,55.13,55.13,1.29,108.56,109.85,109.85,1.0,1.0,1.0,103.44,172.40,275.84,6.0,10.0,16.0
4,86.0,SF514,0,0,13.26,6,10,30,0,51.38,52.42,15.5,15.2,60.20,114.60,174.80,174.80,0.00,0.00,0.00,0.00,60.20,114.60,174.80,174.80,2.0,0.0,2.0,159.12,0.00,159.12,12.0,0.0,12.0
4,87.0,SF518,0,0,21.48,6,10,60,60,64.21,64.25,20.1,20.1,0.72,53.24,53.96,53.96,0.53,51.95,52.48,52.48,1.25,105.19,106.44,106.44,2.0,2.0,2.0,128.88,214.80,343.68,12.0,20.0,32.0
4,88.0,SF522,0,0,5.94,6,10,30,0,20.18,20.01,17.7,17.8,3.86,59.32,63.18,63.18,0.00,0.00,0.00,0.00,3.86,59.32,63.18,63.18,1.0,0.0,1.0,71.28,0.00,71.28,6.0,0.0,6.0
4,89.0,SF534,0,1,13.87,6,10,60,0,44.49,43.57,18.7,19.1,0.01,57.20,57.21,57.21,0.00,0.00,0.00,0.00,0.01,57.20,57.21,57.21,1.0,0.0,1.0,83.22,0.00,83.22,6.0,0.0,6.0
4,90.0,SF546,0,0,21.84,6,10,60,60,72.44,72.11,18.1,18.2,1.57,65.40,66.97,66.97,1.02,83.16,84.18,84.18,2.59,148.56,151.15,151.15,2.0,2.0,2.0,131.04,218.40,349.44,12.0,20.0,32.0
4,91.0,SF547,0,1,13.49,6,10,60,60,42.53,42.10,19.0,19.2,0.96,38.95,39.91,39.90,0.68,36.48,37.16,37.16,1.64,75.43,77.07,77.06,1.0,1.0,1.0,80.94,134.90,215.84,6.0,10.0,16.0
4,92.0,SF556,0,0,10.70,6,10,30,60,32.92,31.09,19.5,20.6,8.08,44.68,52.76,52.76,2.77,53.34,56.11,56.11,10.85,98.02,108.87,108.87,2.0,1.0,2.0,128.40,107.00,235.40,12.0,10.0,22.0
4,93.0,SF570,0,0,16.76,6,10,30,30,55.66,54.89,18.1,18.3,3.07,66.15,69.22,69.22,1.41,79.50,80.91,80.91,4.48,145.65,150.13,150.13,2.0,2.0,2.0,201.12,335.20,536.32,12.0,20.0,32.0
4,94.0,SF578,0,0,13.90,6,10,30,30,48.33,47.34,17.3,17.6,2.92,43.93,46.85,46.85,1.36,59.72,61.08,61.08,4.28,103.65,107.93,107.93,2.0,2.0,2.0,166.80,278.00,444.80,12.0,20.0,32.0
4,95.0,SF590,0,0,11.54,6,10,45,45,40.32,39.99,17.2,17.3,38.75,128.63,167.38,167.38,4.38,94.92,99.30,99.30,43.13,223.55,266.68,266.68,1.0,1.0,1.0,92.32,153.87,246.19,6.0,10.0,16.0
4,96.0,SF94,0,0,7.22,6,10,30,30,23.45,23.38,18.5,18.5,5.59,92.17,97.76,97.76,3.32,89.83,93.15,93.15,8.91,182.00,190.91,190.91,1.0,1.0,1.0,86.64,144.40,231.04,6.0,10.0,16.0
5,97.0,BRT3500S,0,0,28.66,6,10,15,15,81.19,80.09,21.2,21.5,39.67,907.84,947.51,947.51,18.99,835.53,854.52,854.52,58.66,1743.37,1802.03,1802.03,6.0,6.0,6.0,687.84,1146.40,1834.20,36.0,60.0,96.0
6,98.0,S2X,0,0,9.60,6,10,15,0,41.84,41.31,13.8,13.9,0.39,2.20,2.59,2.59,0.00,0.00,0.00,0.00,0.39,2.20,2.59,2.59,3.0,0.0,3.0,230.40,0.00,230.40,18.0,0.0,18.0
6,99.0,S451X,0,1,21.64,6,10,30,0,28.82,28.38,45.1,45.8,0.02,32.12,32.14,32.14,0.00,0.00,0.00,0.00,0.02,32.12,32.14,32.14,1.0,0.0,1.0,259.68,0.00,259.68,6.0,0.0,6.0
6,100.0,S456,0,1,41.23,6,10,360,0,96.59,80.37,25.6,30.8,31.35,16.32,47.67,47.67,0.00,0.00,0.00,0.00,31.35,16.32,47.67,47.67,1.0,0.0,1.0,41.23,0.00,41.23,6.0,0.0,6.0
6,101.0,S472X,0,1,34.11,6,10,30,0,77.25,57.61,26.5,35.5,0.00,16.87,16.87,16.87,0.00,0.00,0.00,0.00,0.00,16.87,16.87,16.87,3.0,0.0,3.0,409.32,0.00,409.32,18.0,0.0,18.0
6,102.0,S473X,0,1,41.86,6,10,30,0,122.82,97.56,20.4,25.7,524.37,54.72,579.09,579.09,0.00,0.00,0.00,0.00,524.37,54.72,579.09,579.09,5.0,0.0,5.0,502.32,0.00,502.32,30.0,0.0,30.0
6,103.0,S902,0,1,41.61,6,10,60,90,94.73,92.81,26.4,26.9,70.71,18.69,89.40,89.40,72.97,23.59,96.56,96.56,143.68,42.28,185.96,185.96,2.0,2.0,2.0,249.66,277.40,527.06,12.0,20.0,32.0
7,104.0,Blue,0,0,38.10,6,10,15,15,102.31,102.31,22.3,22.3,2861.81,5467.94,8329.75,8329.75,1161.63,5608.69,6770.32,6770.32,4023.44,11076.63,15100.07,15100.07,7.0,7.0,7.0,914.40,1524.00,2438.40,42.0,70.0,112.0
7,105.0,Green,0,0,28.66,6,10,15,15,92.29,92.29,18.6,18.6,2383.74,6537.87,8921.61,8921.61,1059.26,7760.31,8819.57,8819.57,3443.00,14298.18,17741.18,17741.18,7.0,7.0,7.0,687.84,1146.40,1834.20,42.0,70.0,112.0
7,106.0,Red,0,0,46.48,6,10,15,15,118.29,118.29,23.6,23.6,4918.85,10335.38,15254.23,15254.23,889.35,8298.05,9187.40,9187.40,5808.20,18633.43,24441.63,24441.63,8.0,8.0,8.0,1115.50,1859.20,2974.70,48.0,80.0,128.0
7,107.0,Sline,0,0,4.28,6,10,15,15,21.75,21.75,11.8,11.8,38.56,641.80,680.36,680.36,7.28,659.44,666.72,666.72,45.84,1301.24,1347.08,1347.08,2.0,2.0,2.0,102.72,171.20,273.92,12.0,20.0,32.0
8,108.0,RCRT_OGPN,0,0,162.20,6,10,30,60,251.11,251.11,38.8,38.8,10472.69,4143.81,14616.50,14616.50,2901.11,2960.99,5862.10,5862.10,13373.80,7104.80,20478.60,20478.60,9.0,5.0,9.0,1946.40,1622.00,3568.40,54.0,50.0,104.0
9,109.0,BRT_ProOrm,0,0,22.92,6,10,6,10,82.84,83.01,16.6,16.6,1449.22,6971.77,8420.99,8420.99,157.45,3133.93,3291.38,3291.38,1606.67,10105.70,11712.37,11712.37,14.0,9.0,14.0,1375.20,1375.20,2750.40,84.0,90.0,174.0
