<?xml version="1.0" encoding="UTF-8"?>
<metadata xml:lang="en"><Esri><CreaDate>20220315</CreaDate><CreaTime>20204800</CreaTime><ArcGISFormat>1.0</ArcGISFormat><SyncOnce>TRUE</SyncOnce><DataProperties><lineage><Process ToolSource="c:\program files\arcgis\pro\Resources\ArcToolbox\toolboxes\Conversion Tools.tbx\FeatureClassToFeatureClass" Date="20220315" Time="202048">FeatureClassToFeatureClass LineVariantAll "C:\work\gis\uta\2019 Aug" September2019BusSpeeds.shp # "FromStopID "FromStopID" true true false 4 Long 0 0,First,#,LineVariantAll,LineVariantAll.FromStopID,-1,-1;ToStopID "ToStopID" true true false 4 Long 0 0,First,#,LineVariantAll,LineVariantAll.ToStopID,-1,-1;GRouteID "GRouteID" true true false 500 Text 0 0,First,#,LineVariantAll,LineVariantAll.GRouteID,0,500;GRouteType "GRouteType" true true false 2 Short 0 0,First,#,LineVariantAll,LineVariantAll.GRouteType,-1,-1;LineAbbr "LineAbbr" true true false 8000 Text 0 0,First,#,LineVariantAll,LineVariantAll.LineAbbr,0,8000;LineName "LineName" true true false 8000 Text 0 0,First,#,LineVariantAll,LineVariantAll.LineName,0,8000;FromGStopI "FromGStopID" true true false 500 Text 0 0,First,#,LineVariantAll,LineVariantAll.FromGStopID,0,500;from_stop_ "from_stop_code" true true false 254 Text 0 0,First,#,LineVariantAll,LineVariantAll.from_stop_code,0,254;from_stop1 "from_stop_name" true true false 254 Text 0 0,First,#,LineVariantAll,LineVariantAll.from_stop_name,0,254;from_sto_1 "from_stop_desc" true true false 254 Text 0 0,First,#,LineVariantAll,LineVariantAll.from_stop_desc,0,254;from_sto_2 "from_stop_lat" true true false 8 Double 0 0,First,#,LineVariantAll,LineVariantAll.from_stop_lat,-1,-1;from_sto_3 "from_stop_lon" true true false 8 Double 0 0,First,#,LineVariantAll,LineVariantAll.from_stop_lon,-1,-1;ToGStopID "ToGStopID" true true false 500 Text 0 0,First,#,LineVariantAll,LineVariantAll.ToGStopID,0,500;to_stop_co "to_stop_code" true true false 254 Text 0 0,First,#,LineVariantAll,LineVariantAll.to_stop_code,0,254;to_stop_na "to_stop_name" true true false 254 Text 0 0,First,#,LineVariantAll,LineVariantAll.to_stop_name,0,254;to_stop_de "to_stop_desc" true true false 254 Text 0 0,First,#,LineVariantAll,LineVariantAll.to_stop_desc,0,254;to_stop_la "to_stop_lat" true true false 8 Double 0 0,First,#,LineVariantAll,LineVariantAll.to_stop_lat,-1,-1;to_stop_lo "to_stop_lon" true true false 8 Double 0 0,First,#,LineVariantAll,LineVariantAll.to_stop_lon,-1,-1;Shape_Leng "Shape_Length" false true true 8 Double 0 0,First,#,LineVariantAll,LineVariantAll.Shape_Length,-1,-1;matchid "matchid" true true false 255 Text 0 0,First,#,LineVariantAll,LineVariantAll.matchid,0,255;matchid_1 "matchid" true true false 255 Text 0 0,First,#,LineVariantAll,Sheet4$.matchid,0,255;ROUTE "ROUTE" true true false 255 Text 0 0,First,#,LineVariantAll,Sheet4$.ROUTE,0,255;DIR "DIR" true true false 8 Double 0 0,First,#,LineVariantAll,Sheet4$.DIR,-1,-1;STOP "STOP" true true false 8 Double 0 0,First,#,LineVariantAll,Sheet4$.STOP,-1,-1;StopAbbr "StopAbbr" true true false 255 Text 0 0,First,#,LineVariantAll,Sheet4$.StopAbbr,0,255;StopName "StopName" true true false 255 Text 0 0,First,#,LineVariantAll,Sheet4$.StopName,0,255;Timepoint "Timepoint" true true false 2 Short 0 0,First,#,LineVariantAll,Sheet4$.Timepoint,-1,-1;NodeAbbr "NodeAbbr" true true false 255 Text 0 0,First,#,LineVariantAll,Sheet4$.NodeAbbr,0,255;NextStop "NextStop" true true false 255 Text 0 0,First,#,LineVariantAll,Sheet4$.NextStop,0,255;NextStop1 "NextStop1" true true false 255 Text 0 0,First,#,LineVariantAll,Sheet4$.NextStop1,0,255;NextTimepo "NextTimepoint" true true false 2 Short 0 0,First,#,LineVariantAll,Sheet4$.NextTimepoint,-1,-1;NextNode "NextNode" true true false 255 Text 0 0,First,#,LineVariantAll,Sheet4$.NextNode,0,255;am_peak "am_peak" true true false 8 Double 0 0,First,#,LineVariantAll,Sheet4$.am_peak,-1,-1;midday "midday" true true false 8 Double 0 0,First,#,LineVariantAll,Sheet4$.midday,-1,-1;off_peak "off_peak" true true false 8 Double 0 0,First,#,LineVariantAll,Sheet4$.off_peak,-1,-1;pm_peak "pm_peak" true true false 8 Double 0 0,First,#,LineVariantAll,Sheet4$.pm_peak,-1,-1;am_peak_dw "am_peak_dwell" true true false 8 Double 0 0,First,#,LineVariantAll,Sheet4$.am_peak_dwell,-1,-1;midday_dwe "midday_dwell" true true false 8 Double 0 0,First,#,LineVariantAll,Sheet4$.midday_dwell,-1,-1;off_peak_d "off_peak_dwell" true true false 8 Double 0 0,First,#,LineVariantAll,Sheet4$.off_peak_dwell,-1,-1;pm_peak_dw "pm_peak_dwell" true true false 8 Double 0 0,First,#,LineVariantAll,Sheet4$.pm_peak_dwell,-1,-1;ObjectID "ObjectID" false true false 4 Long 0 9,First,#,LineVariantAll,Sheet4$.ObjectID,-1,-1" #</Process></lineage><LayerFile>{"type":"CIMLayerDocument","version":"2.6.0","build":24783,"layers":["CIMPATH=map/september2019busspeeds.xml"],"layerDefinitions":[{"type":"CIMFeatureLayer","name":"September2019BusSpeeds","uRI":"CIMPATH=map/september2019busspeeds.xml","sourceModifiedTime":{"type":"TimeInstant"},"useSourceMetadata":true,"description":"September2019BusSpeeds","layerElevation":{"type":"CIMLayerElevationSurface","mapElevationID":"{0DFFE067-292C-40B5-AEDB-A72EB121F7FC}"},"expanded":true,"layerType":"Operational","showLegends":true,"visibility":true,"displayCacheType":"Permanent","maxDisplayCacheAge":5,"showPopups":true,"serviceLayerID":-1,"refreshRate":-1,"refreshRateUnit":"esriTimeUnitsSeconds","autoGenerateFeatureTemplates":true,"featureElevationExpression":"0","featureTable":{"type":"CIMFeatureTable","displayField":"LineName","editable":true,"dataConnection":{"type":"CIMStandardDataConnection","workspaceConnectionString":"DATABASE=..\\..\\..\\..\\..\\..\\work\\gis\\uta\\2019 Aug","workspaceFactory":"Shapefile","dataset":"September2019BusSpeeds","datasetType":"esriDTFeatureClass"},"studyAreaSpatialRel":"esriSpatialRelUndefined","searchOrder":"esriSearchOrderSpatial"},"htmlPopupEnabled":true,"selectable":true,"featureCacheType":"Session","displayFiltersType":"ByScale","labelClasses":[{"type":"CIMLabelClass","expression":"$feature['LineVariantAll.Shape_Length']","expressionEngine":"Arcade","featuresToLabel":"AllVisibleFeatures","maplexLabelPlacementProperties":{"type":"CIMMaplexLabelPlacementProperties","featureType":"Line","avoidPolygonHoles":true,"canOverrunFeature":true,"canPlaceLabelOutsidePolygon":true,"canRemoveOverlappingLabel":true,"canStackLabel":true,"connectionType":"MinimizeLabels","constrainOffset":"AboveLine","contourAlignmentType":"Page","contourLadderType":"Straight","contourMaximumAngle":90,"enableConnection":true,"featureWeight":0,"fontHeightReductionLimit":4,"fontHeightReductionStep":0.5,"fontWidthReductionLimit":90,"fontWidthReductionStep":5,"graticuleAlignmentType":"Straight","keyNumberGroupName":"Default","labelBuffer":15,"labelLargestPolygon":true,"labelPriority":-1,"labelStackingProperties":{"type":"CIMMaplexLabelStackingProperties","stackAlignment":"ChooseBest","maximumNumberOfLines":3,"minimumNumberOfCharsPerLine":3,"maximumNumberOfCharsPerLine":24,"separators":[{"type":"CIMMaplexStackingSeparator","separator":" ","splitAfter":true},{"type":"CIMMaplexStackingSeparator","separator":",","visible":true,"splitAfter":true}]},"lineFeatureType":"General","linePlacementMethod":"OffsetStraightFromLine","maximumLabelOverrun":16,"maximumLabelOverrunUnit":"Point","minimumFeatureSizeUnit":"Map","multiPartOption":"OneLabelPerFeature","offsetAlongLineProperties":{"type":"CIMMaplexOffsetAlongLineProperties","placementMethod":"BestPositionAlongLine","labelAnchorPoint":"CenterOfLabel","distanceUnit":"Map","useLineDirection":true},"pointExternalZonePriorities":{"type":"CIMMaplexExternalZonePriorities","aboveLeft":4,"aboveCenter":2,"aboveRight":1,"centerRight":3,"belowRight":5,"belowCenter":7,"belowLeft":8,"centerLeft":6},"pointPlacementMethod":"AroundPoint","polygonAnchorPointType":"GeometricCenter","polygonBoundaryWeight":0,"polygonExternalZones":{"type":"CIMMaplexExternalZonePriorities","aboveLeft":4,"aboveCenter":2,"aboveRight":1,"centerRight":3,"belowRight":5,"belowCenter":7,"belowLeft":8,"centerLeft":6},"polygonFeatureType":"General","polygonInternalZones":{"type":"CIMMaplexInternalZonePriorities","center":1},"polygonPlacementMethod":"CurvedInPolygon","primaryOffset":1,"primaryOffsetUnit":"Point","removeExtraWhiteSpace":true,"repetitionIntervalUnit":"Point","rotationProperties":{"type":"CIMMaplexRotationProperties","rotationType":"Arithmetic","alignmentType":"Straight"},"secondaryOffset":100,"strategyPriorities":{"type":"CIMMaplexStrategyPriorities","stacking":1,"overrun":2,"fontCompression":3,"fontReduction":4,"abbreviation":5},"thinningDistanceUnit":"Point","truncationMarkerCharacter":".","truncationMinimumLength":1,"truncationPreferredCharacters":"aeiou","truncationExcludedCharacters":"0123456789"},"name":"Class 1","priority":-1,"standardLabelPlacementProperties":{"type":"CIMStandardLabelPlacementProperties","featureType":"Line","featureWeight":"Low","labelWeight":"High","numLabelsOption":"OneLabelPerName","lineLabelPosition":{"type":"CIMStandardLineLabelPosition","above":true,"inLine":true,"parallel":true},"lineLabelPriorities":{"type":"CIMStandardLineLabelPriorities","aboveStart":3,"aboveAlong":3,"aboveEnd":3,"centerStart":3,"centerAlong":3,"centerEnd":3,"belowStart":3,"belowAlong":3,"belowEnd":3},"pointPlacementMethod":"AroundPoint","pointPlacementPriorities":{"type":"CIMStandardPointPlacementPriorities","aboveLeft":2,"aboveCenter":2,"aboveRight":1,"centerLeft":3,"centerRight":2,"belowLeft":3,"belowCenter":3,"belowRight":2},"rotationType":"Arithmetic","polygonPlacementMethod":"AlwaysHorizontal"},"textSymbol":{"type":"CIMSymbolReference","symbol":{"type":"CIMTextSymbol","blockProgression":"TTB","depth3D":1,"extrapolateBaselines":true,"fontEffects":"Normal","fontEncoding":"Unicode","fontFamilyName":"Whitney Book","fontStyleName":"Regular","fontType":"Unspecified","haloSize":1,"height":10,"hinting":"Default","horizontalAlignment":"Left","kerning":true,"letterWidth":100,"ligatures":true,"lineGapType":"ExtraLeading","symbol":{"type":"CIMPolygonSymbol","symbolLayers":[{"type":"CIMSolidFill","enable":true,"color":{"type":"CIMRGBColor","values":[0,0,0,100]}}]},"textCase":"Normal","textDirection":"LTR","verticalAlignment":"Bottom","verticalGlyphOrientation":"Right","wordSpacing":100,"billboardMode3D":"FaceNearPlane"}},"useCodedValue":true,"visibility":true,"iD":-1}],"renderer":{"type":"CIMSimpleRenderer","patch":"Default","symbol":{"type":"CIMSymbolReference","symbol":{"type":"CIMLineSymbol","symbolLayers":[{"type":"CIMSolidStroke","enable":true,"capStyle":"Round","joinStyle":"Round","lineStyle3D":"Strip","miterLimit":10,"width":1,"color":{"type":"CIMRGBColor","values":[226.53,252.449999999999989,181.759999999999991,100]}}]}}},"scaleSymbols":true,"snappable":true}]}</LayerFile></DataProperties></Esri></metadata>
